courseDept,courseNum,id,type
AAS,211,0,PREREQ
AAS,287,0,PREREQ
AAS,290,0,PREREQ
AAS,315,0,PREREQ
AAS,395,0,PREREQ
ABE,223,0,PREREQ
ABE,224,0,PREREQ
ABE,225,0,PREREQ
ABE,226,0,PREREQ
ABE,341,0,PREREQ
ABE,341,1,PREREQ
ABE,341,2,PREREQ
ABE,341,3,PREREQ
ABE,341,4,PREREQ
ABE,361,0,PREREQ
ABE,361,1,PREREQ
ABE,425,0,PREREQ
ABE,436,0,PREREQ
ABE,446,0,PREREQ
ABE,454,0,PREREQ
ABE,455,0,PREREQ
ABE,455,1,PREREQ
ABE,456,0,COREQ
ABE,457,0,PREREQ
ABE,458,0,PREREQ
ABE,459,0,COREQ
ABE,463,0,PREREQ
ABE,466,0,PREREQ
ABE,469,0,PREREQ
ABE,474,0,PREREQ
ABE,474,1,PREREQ
ABE,474,2,PREREQ
ABE,476,0,PREREQ
ABE,476,1,PREREQ
ABE,476,2,PREREQ
ABE,526,0,PREREQ
ACCY,202,0,PREREQ
ACCY,302,0,PREREQ
ACCY,302,0,COREQ
ACCY,303,0,PREREQ
ACCY,303,1,PREREQ
ACCY,304,0,PREREQ
ACCY,304,1,PREREQ
ACCY,312,0,PREREQ
ACCY,405,0,PREREQ
ACCY,410,0,PREREQ
ACCY,415,0,PREREQ
ACCY,502,0,PREREQ
ACCY,503,0,COREQ
ACCY,507,0,PREREQ
ACCY,517,0,COREQ
ACCY,550,0,COREQ
ACCY,553,0,PREREQ
ACCY,554,0,COREQ
ACCY,575,0,PREREQ
ACCY,577,0,PREREQ
ACCY,585,0,PREREQ
ACCY,585,1,PREREQ
ACCY,594,0,COREQ
ACE,251,0,PREREQ
ACE,261,0,PREREQ
ACE,262,0,PREREQ
ACE,264,0,PREREQ
ACE,264,1,PREREQ
ACE,300,0,PREREQ
ACE,310,0,PREREQ
ACE,345,0,PREREQ
ACE,360,0,PREREQ
ACE,410,0,PREREQ
ACE,427,0,PREREQ
ACE,428,0,PREREQ
ACE,431,0,PREREQ
ACE,432,0,PREREQ
ACE,432,0,COREQ
ACE,435,0,PREREQ
ACE,444,0,PREREQ
ACE,446,0,PREREQ
ACE,447,0,PREREQ
ACE,448,0,PREREQ
ACE,448,1,PREREQ
ACE,449,0,PREREQ
ACE,449,1,PREREQ
ACE,451,0,PREREQ
ACE,454,0,PREREQ
ACE,455,0,PREREQ
ACE,456,0,PREREQ
ACE,474,0,PREREQ
ACE,476,0,PREREQ
ACE,502,0,PREREQ
ACE,502,1,PREREQ
ACE,510,0,PREREQ
ACE,520,0,PREREQ
ACE,520,1,PREREQ
ACE,520,2,PREREQ
ACE,527,0,PREREQ
ACE,528,0,PREREQ
ACE,531,0,PREREQ
ACE,556,0,PREREQ
ACE,556,1,PREREQ
ACE,556,2,PREREQ
ACE,562,0,PREREQ
ACE,562,1,PREREQ
ACE,563,0,PREREQ
ACE,563,1,PREREQ
ACE,564,0,PREREQ
ACE,567,0,PREREQ
ACE,569,0,PREREQ
ACE,571,0,PREREQ
ADV,281,0,PREREQ
ADV,281,1,PREREQ
ADV,283,0,PREREQ
ADV,283,1,PREREQ
ADV,284,0,PREREQ
ADV,305,0,PREREQ
ADV,350,0,PREREQ
ADV,390,0,PREREQ
ADV,410,0,PREREQ
ADV,454,0,PREREQ
ADV,460,0,PREREQ
ADV,460,1,PREREQ
ADV,461,0,PREREQ
ADV,461,1,PREREQ
ADV,476,0,PREREQ
ADV,478,0,PREREQ
ADV,482,0,PREREQ
ADV,482,1,PREREQ
ADV,484,0,PREREQ
ADV,491,0,PREREQ
ADV,494,0,PREREQ
ADV,497,0,PREREQ
ADV,498,0,PREREQ
ADV,498,1,PREREQ
ADV,498,2,PREREQ
ADV,599,0,PREREQ
AE,202,0,COREQ
AE,302,0,PREREQ
AE,311,0,COREQ
AE,311,1,COREQ
AE,312,0,PREREQ
AE,312,1,PREREQ
AE,312,0,COREQ
AE,352,0,PREREQ
AE,352,1,PREREQ
AE,352,2,PREREQ
AE,353,0,PREREQ
AE,353,1,PREREQ
AE,353,2,PREREQ
AE,370,0,COREQ
AE,370,1,COREQ
AE,402,0,PREREQ
AE,403,0,PREREQ
AE,403,1,PREREQ
AE,410,0,PREREQ
AE,410,0,COREQ
AE,412,0,PREREQ
AE,416,0,PREREQ
AE,419,0,PREREQ
AE,419,1,PREREQ
AE,433,0,PREREQ
AE,433,1,PREREQ
AE,434,0,PREREQ
AE,434,1,PREREQ
AE,435,0,PREREQ
AE,442,0,COREQ
AE,442,1,COREQ
AE,442,2,COREQ
AE,443,0,PREREQ
AE,451,0,PREREQ
AE,451,1,PREREQ
AE,454,0,PREREQ
AE,460,0,PREREQ
AE,460,0,COREQ
AE,461,0,PREREQ
AE,461,1,PREREQ
AE,461,0,COREQ
AE,461,1,COREQ
AE,483,0,PREREQ
AE,483,1,PREREQ
AE,483,2,PREREQ
AE,483,3,PREREQ
AE,483,4,PREREQ
AE,484,0,PREREQ
AE,484,1,PREREQ
AE,485,0,PREREQ
AE,485,1,PREREQ
AE,485,2,PREREQ
AE,502,0,PREREQ
AE,504,0,PREREQ
AE,508,0,COREQ
AE,511,0,PREREQ
AE,512,0,PREREQ
AE,512,1,PREREQ
AE,512,2,PREREQ
AE,514,0,PREREQ
AE,515,0,PREREQ
AE,522,0,PREREQ
AE,523,0,PREREQ
AE,525,0,PREREQ
AE,526,0,PREREQ
AE,528,0,PREREQ
AE,529,0,PREREQ
AE,542,0,PREREQ
AE,543,0,PREREQ
AE,550,0,PREREQ
AE,555,0,PREREQ
AE,556,0,PREREQ
AE,556,1,PREREQ
AE,560,0,PREREQ
AFAS,112,0,PREREQ
AFAS,221,0,PREREQ
AFAS,222,0,PREREQ
AFAS,331,0,PREREQ
AFAS,332,0,PREREQ
AFAS,341,0,PREREQ
AFAS,342,0,PREREQ
AFRO,220,0,PREREQ
AFRO,224,0,PREREQ
AFRO,298,0,PREREQ
AFRO,372,0,PREREQ
AFRO,373,0,PREREQ
AFRO,383,0,PREREQ
AFRO,400,0,PREREQ
AFRO,410,0,PREREQ
AFRO,474,0,PREREQ
AFRO,474,1,PREREQ
AFRO,495,0,PREREQ
AGCM,315,0,PREREQ
AGED,250,0,PREREQ
AGED,350,0,PREREQ
AGED,450,0,PREREQ
AIS,502,0,PREREQ
AIS,503,0,PREREQ
AIS,503,1,PREREQ
ALEC,393,0,PREREQ
ALEC,595,0,PREREQ
ALEC,595,1,PREREQ
ANSC,103,0,PREREQ
ANSC,201,0,PREREQ
ANSC,204,0,PREREQ
ANSC,222,0,PREREQ
ANSC,223,0,PREREQ
ANSC,223,1,PREREQ
ANSC,223,2,PREREQ
ANSC,223,3,PREREQ
ANSC,224,0,PREREQ
ANSC,224,1,PREREQ
ANSC,293,0,PREREQ
ANSC,294,0,PREREQ
ANSC,301,0,COREQ
ANSC,301,1,COREQ
ANSC,312,0,PREREQ
ANSC,314,0,PREREQ
ANSC,322,0,PREREQ
ANSC,350,0,PREREQ
ANSC,350,1,PREREQ
ANSC,350,2,PREREQ
ANSC,363,0,PREREQ
ANSC,400,0,PREREQ
ANSC,401,0,PREREQ
ANSC,402,0,PREREQ
ANSC,403,0,PREREQ
ANSC,403,1,PREREQ
ANSC,403,2,PREREQ
ANSC,405,0,PREREQ
ANSC,407,0,PREREQ
ANSC,409,0,PREREQ
ANSC,409,1,PREREQ
ANSC,409,2,PREREQ
ANSC,409,3,PREREQ
ANSC,420,0,PREREQ
ANSC,422,0,PREREQ
ANSC,431,0,PREREQ
ANSC,435,0,PREREQ
ANSC,437,0,PREREQ
ANSC,438,0,PREREQ
ANSC,446,0,PREREQ
ANSC,447,0,PREREQ
ANSC,448,0,PREREQ
ANSC,452,0,PREREQ
ANSC,452,1,PREREQ
ANSC,452,2,PREREQ
ANSC,452,3,PREREQ
ANSC,467,0,PREREQ
ANSC,467,1,PREREQ
ANSC,467,2,PREREQ
ANSC,498,0,PREREQ
ANSC,509,0,PREREQ
ANSC,509,1,PREREQ
ANSC,509,2,PREREQ
ANSC,509,3,PREREQ
ANSC,520,0,PREREQ
ANSC,520,1,PREREQ
ANTH,220,0,PREREQ
ANTH,240,0,PREREQ
ANTH,247,0,PREREQ
ANTH,343,0,PREREQ
ANTH,346,0,PREREQ
ANTH,347,0,PREREQ
ANTH,358,0,PREREQ
ANTH,372,0,PREREQ
ANTH,372,1,PREREQ
ANTH,379,0,PREREQ
ANTH,402,0,PREREQ
ANTH,421,0,PREREQ
ANTH,423,0,PREREQ
ANTH,435,0,PREREQ
ANTH,437,0,PREREQ
ANTH,437,1,PREREQ
ANTH,438,0,PREREQ
ANTH,438,1,PREREQ
ANTH,438,2,PREREQ
ANTH,438,3,PREREQ
ANTH,440,0,PREREQ
ANTH,441,0,PREREQ
ANTH,443,0,PREREQ
ANTH,444,0,PREREQ
ANTH,445,0,PREREQ
ANTH,446,0,PREREQ
ANTH,447,0,PREREQ
ANTH,448,0,PREREQ
ANTH,449,0,PREREQ
ANTH,451,0,PREREQ
ANTH,452,0,PREREQ
ANTH,455,0,PREREQ
ANTH,459,0,PREREQ
ANTH,467,0,PREREQ
ANTH,472,0,PREREQ
ANTH,472,1,PREREQ
ANTH,472,2,PREREQ
ANTH,477,0,PREREQ
ANTH,481,0,PREREQ
ANTH,481,1,PREREQ
ANTH,496,0,PREREQ
ANTH,497,0,PREREQ
ANTH,540,0,PREREQ
ANTH,561,0,PREREQ
ARAB,211,0,PREREQ
ARAB,403,0,PREREQ
ARAB,404,0,PREREQ
ARAB,405,0,PREREQ
ARAB,406,0,PREREQ
ARAB,407,0,PREREQ
ARAB,408,0,PREREQ
ARAB,409,0,PREREQ
ARAB,410,0,PREREQ
ARAB,412,0,PREREQ
ARAB,490,0,PREREQ
ARCH,232,0,PREREQ
ARCH,232,1,PREREQ
ARCH,232,2,PREREQ
ARCH,232,3,PREREQ
ARCH,341,0,PREREQ
ARCH,342,0,PREREQ
ARCH,351,0,PREREQ
ARCH,352,0,PREREQ
ARCH,402,0,PREREQ
ARCH,403,0,PREREQ
ARCH,409,0,PREREQ
ARCH,410,0,PREREQ
ARCH,411,0,PREREQ
ARCH,411,1,PREREQ
ARCH,412,0,PREREQ
ARCH,413,0,PREREQ
ARCH,413,1,PREREQ
ARCH,414,0,PREREQ
ARCH,414,1,PREREQ
ARCH,415,0,PREREQ
ARCH,416,0,PREREQ
ARCH,416,1,PREREQ
ARCH,417,0,PREREQ
ARCH,418,0,PREREQ
ARCH,433,0,PREREQ
ARCH,435,0,PREREQ
ARCH,435,1,PREREQ
ARCH,435,2,PREREQ
ARCH,441,0,PREREQ
ARCH,451,0,PREREQ
ARCH,452,0,PREREQ
ARCH,473,0,PREREQ
ARCH,473,1,PREREQ
ARCH,474,0,PREREQ
ARCH,475,0,PREREQ
ARCH,476,0,PREREQ
ARCH,502,0,PREREQ
ARCH,502,1,PREREQ
ARCH,516,0,PREREQ
ARCH,519,0,PREREQ
ARCH,522,0,PREREQ
ARCH,522,1,PREREQ
ARCH,536,0,PREREQ
ARCH,536,1,PREREQ
ARCH,537,0,PREREQ
ARCH,538,0,PREREQ
ARCH,538,1,PREREQ
ARCH,538,2,PREREQ
ARCH,545,0,PREREQ
ARCH,547,0,PREREQ
ARCH,547,1,PREREQ
ARCH,547,2,PREREQ
ARCH,548,0,PREREQ
ARCH,548,1,PREREQ
ARCH,550,0,PREREQ
ARCH,551,0,PREREQ
ARCH,551,1,PREREQ
ARCH,552,0,PREREQ
ARCH,552,1,PREREQ
ARCH,553,0,PREREQ
ARCH,553,0,COREQ
ARCH,554,0,PREREQ
ARCH,555,0,PREREQ
ARCH,556,0,PREREQ
ARCH,556,1,PREREQ
ARCH,556,0,COREQ
ARCH,556,1,COREQ
ARCH,557,0,PREREQ
ARCH,558,0,PREREQ
ARCH,559,0,PREREQ
ARCH,560,0,PREREQ
ARCH,575,0,PREREQ
ARCH,575,1,PREREQ
ARCH,577,0,PREREQ
ARTD,202,0,PREREQ
ARTD,301,0,PREREQ
ARTD,302,0,PREREQ
ARTD,317,0,PREREQ
ARTD,333,0,PREREQ
ARTD,371,0,PREREQ
ARTD,371,1,PREREQ
ARTD,401,0,PREREQ
ARTD,402,0,PREREQ
ARTD,418,0,PREREQ
ARTD,444,0,PREREQ
ARTD,444,1,PREREQ
ARTD,451,0,PREREQ
ARTD,452,0,PREREQ
ARTD,452,1,PREREQ
ARTD,471,0,PREREQ
ARTD,471,1,PREREQ
ARTD,502,0,PREREQ
ARTD,503,0,PREREQ
ARTD,504,0,PREREQ
ARTD,505,0,PREREQ
ARTD,506,0,PREREQ
ARTE,204,0,PREREQ
ARTE,301,0,PREREQ
ARTE,301,1,PREREQ
ARTE,302,0,PREREQ
ARTE,302,1,PREREQ
ARTE,302,2,PREREQ
ARTE,401,0,PREREQ
ARTF,105,0,PREREQ
ARTH,495,0,PREREQ
ARTH,501,0,PREREQ
ARTH,550,0,PREREQ
ARTH,550,1,PREREQ
ARTS,231,0,PREREQ
ARTS,250,0,PREREQ
ARTS,250,1,PREREQ
ARTS,252,0,PREREQ
ARTS,252,1,PREREQ
ARTS,265,0,PREREQ
ARTS,266,0,PREREQ
ARTS,267,0,PREREQ
ARTS,310,0,PREREQ
ARTS,331,0,PREREQ
ARTS,333,0,PREREQ
ARTS,334,0,PREREQ
ARTS,350,0,PREREQ
ARTS,351,0,PREREQ
ARTS,354,0,PREREQ
ARTS,381,0,PREREQ
ARTS,405,0,PREREQ
ARTS,410,0,PREREQ
ARTS,410,1,PREREQ
ARTS,430,0,PREREQ
ARTS,431,0,PREREQ
ARTS,443,0,PREREQ
ARTS,444,0,PREREQ
ARTS,451,0,PREREQ
ARTS,455,0,PREREQ
ARTS,455,1,PREREQ
ARTS,456,0,PREREQ
ARTS,456,1,PREREQ
ASRM,210,0,PREREQ
ASRM,406,0,PREREQ
ASRM,410,0,COREQ
ASRM,490,0,PREREQ
ASRM,533,0,PREREQ
ASRM,552,0,PREREQ
ASTR,210,0,PREREQ
ASTR,310,0,PREREQ
ASTR,310,1,PREREQ
ASTR,310,0,COREQ
ASTR,404,0,PREREQ
ASTR,405,0,PREREQ
ASTR,406,0,PREREQ
ASTR,414,0,PREREQ
ASTR,414,1,PREREQ
ASTR,501,0,PREREQ
ASTR,502,0,PREREQ
ASTR,502,1,PREREQ
ASTR,502,2,PREREQ
ASTR,504,0,PREREQ
ASTR,504,1,PREREQ
ASTR,504,2,PREREQ
ASTR,505,0,PREREQ
ASTR,506,0,PREREQ
ASTR,507,0,PREREQ
ATMS,201,0,PREREQ
ATMS,201,0,COREQ
ATMS,201,1,COREQ
ATMS,301,0,PREREQ
ATMS,301,1,PREREQ
ATMS,301,2,PREREQ
ATMS,302,0,PREREQ
ATMS,302,1,PREREQ
ATMS,302,2,PREREQ
ATMS,304,0,PREREQ
ATMS,304,1,PREREQ
ATMS,305,0,PREREQ
ATMS,306,0,PREREQ
ATMS,307,0,PREREQ
ATMS,312,0,PREREQ
ATMS,312,1,PREREQ
ATMS,313,0,PREREQ
ATMS,313,1,PREREQ
ATMS,314,0,PREREQ
ATMS,314,1,PREREQ
ATMS,314,2,PREREQ
ATMS,315,0,PREREQ
ATMS,324,0,PREREQ
ATMS,391,0,PREREQ
ATMS,404,0,PREREQ
ATMS,405,0,PREREQ
ATMS,405,1,PREREQ
ATMS,405,2,PREREQ
ATMS,405,3,PREREQ
ATMS,406,0,PREREQ
ATMS,406,1,PREREQ
ATMS,406,2,PREREQ
ATMS,411,0,PREREQ
ATMS,411,1,PREREQ
ATMS,420,0,PREREQ
ATMS,420,1,PREREQ
ATMS,420,2,PREREQ
ATMS,502,0,PREREQ
ATMS,510,0,PREREQ
ATMS,511,0,PREREQ
ATMS,512,0,PREREQ
ATMS,514,0,PREREQ
ATMS,514,1,PREREQ
ATMS,514,2,PREREQ
BADM,211,0,PREREQ
BADM,311,0,PREREQ
BADM,312,0,PREREQ
BADM,313,0,PREREQ
BADM,321,0,PREREQ
BADM,322,0,PREREQ
BADM,323,0,PREREQ
BADM,324,0,COREQ
BADM,325,0,PREREQ
BADM,326,0,PREREQ
BADM,327,0,PREREQ
BADM,329,0,PREREQ
BADM,330,0,PREREQ
BADM,336,0,PREREQ
BADM,354,0,PREREQ
BADM,355,0,PREREQ
BADM,374,0,PREREQ
BADM,376,0,PREREQ
BADM,382,0,PREREQ
BADM,383,0,PREREQ
BADM,420,0,PREREQ
BADM,451,0,PREREQ
BADM,454,0,PREREQ
BADM,458,0,PREREQ
BADM,460,0,PREREQ
BADM,461,0,PREREQ
BADM,461,1,PREREQ
BADM,461,2,PREREQ
BADM,514,0,PREREQ
BASQ,402,0,PREREQ
BCS,302,0,PREREQ
BIOC,460,0,PREREQ
BIOC,460,1,PREREQ
BIOC,492,0,PREREQ
BIOC,492,1,PREREQ
BIOE,200,0,PREREQ
BIOE,201,0,PREREQ
BIOE,201,1,PREREQ
BIOE,201,2,PREREQ
BIOE,206,0,PREREQ
BIOE,210,0,PREREQ
BIOE,210,1,PREREQ
BIOE,220,0,PREREQ
BIOE,220,1,PREREQ
BIOE,220,2,PREREQ
BIOE,220,3,PREREQ
BIOE,220,4,PREREQ
BIOE,302,0,PREREQ
BIOE,302,1,PREREQ
BIOE,302,2,PREREQ
BIOE,302,3,PREREQ
BIOE,302,4,PREREQ
BIOE,306,0,PREREQ
BIOE,360,0,PREREQ
BIOE,360,1,PREREQ
BIOE,414,0,PREREQ
BIOE,415,0,COREQ
BIOE,420,0,PREREQ
BIOE,420,1,PREREQ
BIOE,420,2,PREREQ
BIOE,420,3,PREREQ
BIOE,430,0,PREREQ
BIOE,435,0,PREREQ
BIOE,435,1,PREREQ
BIOE,435,2,PREREQ
BIOE,435,3,PREREQ
BIOE,436,0,PREREQ
BIOE,460,0,PREREQ
BIOE,460,1,PREREQ
BIOE,476,0,PREREQ
BIOE,476,1,PREREQ
BIOE,479,0,PREREQ
BIOE,479,1,PREREQ
BIOE,483,0,PREREQ
BIOE,483,1,PREREQ
BIOE,483,2,PREREQ
BIOE,483,3,PREREQ
BIOE,486,0,PREREQ
BIOE,486,1,PREREQ
BIOE,486,2,PREREQ
BIOE,486,3,PREREQ
BIOE,486,4,PREREQ
BIOE,486,5,PREREQ
BIOE,486,6,PREREQ
BIOE,486,7,PREREQ
BIOE,486,8,PREREQ
BIOE,486,9,PREREQ
BIOE,487,0,PREREQ
BIOE,504,0,PREREQ
BIOE,505,0,PREREQ
BIOE,506,0,PREREQ
BIOE,507,0,PREREQ
BIOE,510,0,PREREQ
BIOE,510,1,PREREQ
BIOE,510,2,PREREQ
BIOE,532,0,PREREQ
BIOE,572,0,PREREQ
BIOE,581,0,PREREQ
BIOE,586,0,PREREQ
BIOE,586,1,PREREQ
BIOE,586,2,PREREQ
BIOE,586,3,PREREQ
BUS,201,0,PREREQ
BUS,302,0,PREREQ
CB,514,0,COREQ
CB,646,0,PREREQ
CDB,595,0,PREREQ
CEE,201,0,PREREQ
CEE,201,0,COREQ
CEE,202,0,COREQ
CEE,300,0,PREREQ
CEE,300,1,PREREQ
CEE,310,0,PREREQ
CEE,310,0,COREQ
CEE,320,0,PREREQ
CEE,320,0,COREQ
CEE,320,1,COREQ
CEE,330,0,PREREQ
CEE,340,0,PREREQ
CEE,340,1,PREREQ
CEE,340,2,PREREQ
CEE,340,3,PREREQ
CEE,350,0,PREREQ
CEE,350,0,COREQ
CEE,360,0,PREREQ
CEE,380,0,PREREQ
CEE,401,0,PREREQ
CEE,405,0,PREREQ
CEE,406,0,PREREQ
CEE,408,0,PREREQ
CEE,409,0,PREREQ
CEE,410,0,PREREQ
CEE,411,0,PREREQ
CEE,415,0,PREREQ
CEE,416,0,PREREQ
CEE,418,0,PREREQ
CEE,420,0,PREREQ
CEE,421,0,PREREQ
CEE,422,0,PREREQ
CEE,424,0,PREREQ
CEE,430,0,PREREQ
CEE,433,0,PREREQ
CEE,434,0,PREREQ
CEE,434,1,PREREQ
CEE,437,0,PREREQ
CEE,437,0,COREQ
CEE,440,0,PREREQ
CEE,442,0,PREREQ
CEE,443,0,PREREQ
CEE,444,0,PREREQ
CEE,446,0,PREREQ
CEE,446,0,COREQ
CEE,449,0,PREREQ
CEE,450,0,PREREQ
CEE,451,0,PREREQ
CEE,452,0,PREREQ
CEE,453,0,PREREQ
CEE,457,0,PREREQ
CEE,457,1,PREREQ
CEE,460,0,PREREQ
CEE,461,0,PREREQ
CEE,462,0,PREREQ
CEE,463,0,PREREQ
CEE,467,0,PREREQ
CEE,468,0,PREREQ
CEE,469,0,PREREQ
CEE,470,0,PREREQ
CEE,471,0,PREREQ
CEE,471,1,PREREQ
CEE,472,0,PREREQ
CEE,472,1,PREREQ
CEE,472,2,PREREQ
CEE,480,0,PREREQ
CEE,483,0,PREREQ
CEE,491,0,PREREQ
CEE,501,0,PREREQ
CEE,501,1,PREREQ
CEE,502,0,PREREQ
CEE,503,0,PREREQ
CEE,504,0,PREREQ
CEE,506,0,PREREQ
CEE,507,0,PREREQ
CEE,508,0,PREREQ
CEE,509,0,PREREQ
CEE,512,0,PREREQ
CEE,512,1,PREREQ
CEE,517,0,PREREQ
CEE,524,0,PREREQ
CEE,524,1,PREREQ
CEE,524,2,PREREQ
CEE,526,0,PREREQ
CEE,527,0,PREREQ
CEE,534,0,PREREQ
CEE,534,1,PREREQ
CEE,534,2,PREREQ
CEE,535,0,PREREQ
CEE,535,1,PREREQ
CEE,537,0,COREQ
CEE,537,1,COREQ
CEE,538,0,PREREQ
CEE,538,1,PREREQ
CEE,538,0,COREQ
CEE,540,0,PREREQ
CEE,543,0,PREREQ
CEE,544,0,PREREQ
CEE,545,0,PREREQ
CEE,545,1,PREREQ
CEE,546,0,PREREQ
CEE,546,1,PREREQ
CEE,548,0,PREREQ
CEE,548,1,PREREQ
CEE,550,0,PREREQ
CEE,551,0,PREREQ
CEE,552,0,PREREQ
CEE,552,1,PREREQ
CEE,553,0,PREREQ
CEE,554,0,PREREQ
CEE,555,0,PREREQ
CEE,555,1,PREREQ
CEE,557,0,PREREQ
CEE,557,1,PREREQ
CEE,559,0,PREREQ
CEE,560,0,PREREQ
CEE,561,0,PREREQ
CEE,562,0,PREREQ
CEE,562,1,PREREQ
CEE,562,2,PREREQ
CEE,570,0,PREREQ
CEE,571,0,PREREQ
CEE,572,0,PREREQ
CEE,573,0,PREREQ
CEE,574,0,PREREQ
CEE,574,1,PREREQ
CEE,575,0,PREREQ
CEE,576,0,PREREQ
CEE,576,1,PREREQ
CEE,577,0,PREREQ
CEE,577,1,PREREQ
CEE,580,0,COREQ
CEE,582,0,PREREQ
CEE,583,0,PREREQ
CEE,585,0,PREREQ
CEE,586,0,PREREQ
CEE,586,1,PREREQ
CEE,587,0,PREREQ
CEE,588,0,PREREQ
CEE,588,1,PREREQ
CEE,589,0,PREREQ
CEE,590,0,PREREQ
CEE,590,1,PREREQ
CEE,591,0,PREREQ
CHBE,121,0,PREREQ
CHBE,221,0,PREREQ
CHBE,221,0,COREQ
CHBE,321,0,PREREQ
CHBE,321,1,PREREQ
CHBE,421,0,PREREQ
CHBE,421,1,PREREQ
CHBE,422,0,PREREQ
CHBE,422,1,PREREQ
CHBE,430,0,PREREQ
CHBE,430,0,COREQ
CHBE,431,0,PREREQ
CHBE,431,0,COREQ
CHBE,440,0,PREREQ
CHBE,440,1,PREREQ
CHBE,451,0,PREREQ
CHBE,451,1,PREREQ
CHBE,452,0,PREREQ
CHBE,456,0,PREREQ
CHBE,456,1,PREREQ
CHBE,456,0,COREQ
CHBE,472,0,PREREQ
CHBE,472,1,PREREQ
CHBE,472,2,PREREQ
CHBE,472,3,PREREQ
CHBE,472,4,PREREQ
CHBE,472,5,PREREQ
CHBE,472,6,PREREQ
CHBE,474,0,PREREQ
CHBE,474,1,PREREQ
CHBE,525,0,PREREQ
CHBE,553,0,PREREQ
CHBE,565,0,PREREQ
CHBE,571,0,PREREQ
CHBE,571,1,PREREQ
CHBE,571,2,PREREQ
CHBE,572,0,PREREQ
CHBE,580,0,PREREQ
CHBE,580,1,PREREQ
CHEM,105,0,PREREQ
CHEM,105,1,PREREQ
CHEM,108,0,COREQ
CHEM,202,0,COREQ
CHEM,222,0,PREREQ
CHEM,222,1,PREREQ
CHEM,223,0,COREQ
CHEM,232,0,PREREQ
CHEM,233,0,COREQ
CHEM,237,0,COREQ
CHEM,312,0,PREREQ
CHEM,317,0,PREREQ
CHEM,332,0,PREREQ
CHEM,332,1,PREREQ
CHEM,420,0,PREREQ
CHEM,436,0,PREREQ
CHEM,436,1,PREREQ
CHEM,438,0,PREREQ
CHEM,442,0,PREREQ
CHEM,444,0,PREREQ
CHEM,451,0,PREREQ
CHEM,460,0,PREREQ
CHEM,460,1,PREREQ
CHEM,460,2,PREREQ
CHEM,474,0,PREREQ
CHEM,483,0,PREREQ
CHEM,516,0,PREREQ
CHEM,518,0,PREREQ
CHEM,520,0,PREREQ
CHEM,520,1,PREREQ
CHEM,520,2,PREREQ
CHEM,530,0,PREREQ
CHEM,534,0,PREREQ
CHEM,540,0,PREREQ
CHEM,542,0,PREREQ
CHEM,548,0,PREREQ
CHIN,202,0,PREREQ
CHIN,203,0,PREREQ
CHIN,204,0,PREREQ
CHIN,305,0,PREREQ
CHIN,306,0,PREREQ
CHIN,407,0,PREREQ
CHIN,408,0,PREREQ
CHIN,440,0,PREREQ
CHIN,441,0,PREREQ
CHLH,304,0,PREREQ
CHLH,409,0,PREREQ
CHLH,410,0,PREREQ
CHLH,469,0,PREREQ
CHLH,550,0,PREREQ
CHLH,576,0,PREREQ
CHLH,576,1,PREREQ
CHLH,585,0,PREREQ
CHLH,585,1,PREREQ
CHLH,585,2,PREREQ
CHLH,593,0,PREREQ
CHLH,593,1,PREREQ
CHLH,593,2,PREREQ
CI,403,0,PREREQ
CI,404,0,PREREQ
CI,406,0,PREREQ
CI,407,0,PREREQ
CI,420,0,PREREQ
CI,420,1,PREREQ
CI,421,0,PREREQ
CI,430,0,PREREQ
CI,431,0,PREREQ
CI,432,0,PREREQ
CI,444,0,PREREQ
CI,445,0,PREREQ
CI,451,0,PREREQ
CI,466,0,PREREQ
CI,472,0,PREREQ
CI,476,0,PREREQ
CI,477,0,PREREQ
CI,489,0,PREREQ
CI,504,0,PREREQ
CI,506,0,PREREQ
CI,506,1,PREREQ
CI,517,0,PREREQ
CI,517,1,PREREQ
CI,519,0,PREREQ
CI,567,0,PREREQ
CI,568,0,PREREQ
CI,570,0,PREREQ
CI,570,1,PREREQ
CI,576,0,PREREQ
CI,577,0,PREREQ
CI,577,1,PREREQ
CLCV,206,0,PREREQ
CMN,112,0,PREREQ
CMN,211,0,PREREQ
CMN,215,0,PREREQ
CMN,320,0,PREREQ
CMN,323,0,PREREQ
CMN,411,0,PREREQ
CMN,412,0,PREREQ
CMN,435,0,PREREQ
CPSC,352,0,PREREQ
CPSC,415,0,PREREQ
CPSC,418,0,PREREQ
CPSC,426,0,PREREQ
CPSC,428,0,PREREQ
CPSC,431,0,PREREQ
CPSC,437,0,PREREQ
CPSC,440,0,PREREQ
CPSC,452,0,PREREQ
CPSC,453,0,PREREQ
CPSC,453,1,PREREQ
CPSC,454,0,PREREQ
CPSC,486,0,PREREQ
CPSC,518,0,PREREQ
CPSC,526,0,PREREQ
CPSC,526,1,PREREQ
CPSC,527,0,PREREQ
CPSC,541,0,PREREQ
CPSC,542,0,PREREQ
CPSC,554,0,PREREQ
CPSC,554,1,PREREQ
CPSC,563,0,PREREQ
CPSC,566,0,PREREQ
CPSC,566,1,PREREQ
CPSC,588,0,PREREQ
CPSC,588,1,PREREQ
CS,101,0,PREREQ
CS,105,0,PREREQ
CS,126,0,PREREQ
CS,173,0,PREREQ
CS,173,1,PREREQ
CS,210,0,PREREQ
CS,225,0,PREREQ
CS,225,1,PREREQ
CS,233,0,PREREQ
CS,233,1,PREREQ
CS,233,0,COREQ
CS,240,0,PREREQ
CS,241,0,PREREQ
CS,241,1,PREREQ
CS,242,0,PREREQ
CS,277,0,PREREQ
CS,277,1,PREREQ
CS,357,0,PREREQ
CS,357,1,PREREQ
CS,357,2,PREREQ
CS,361,0,PREREQ
CS,361,0,COREQ
CS,374,0,PREREQ
CS,374,1,PREREQ
CS,410,0,PREREQ
CS,411,0,PREREQ
CS,412,0,PREREQ
CS,414,0,PREREQ
CS,416,0,PREREQ
CS,418,0,PREREQ
CS,418,1,PREREQ
CS,418,2,PREREQ
CS,419,0,PREREQ
CS,420,0,PREREQ
CS,421,0,PREREQ
CS,421,1,PREREQ
CS,421,2,PREREQ
CS,422,0,PREREQ
CS,423,0,PREREQ
CS,424,0,PREREQ
CS,425,0,PREREQ
CS,426,0,PREREQ
CS,427,0,PREREQ
CS,427,1,PREREQ
CS,428,0,PREREQ
CS,431,0,PREREQ
CS,433,0,PREREQ
CS,436,0,PREREQ
CS,438,0,PREREQ
CS,438,1,PREREQ
CS,440,0,PREREQ
CS,445,0,PREREQ
CS,445,1,PREREQ
CS,445,2,PREREQ
CS,446,0,PREREQ
CS,446,1,PREREQ
CS,446,2,PREREQ
CS,447,0,PREREQ
CS,450,0,PREREQ
CS,450,1,PREREQ
CS,450,2,PREREQ
CS,457,0,PREREQ
CS,460,0,PREREQ
CS,461,0,PREREQ
CS,463,0,PREREQ
CS,465,0,PREREQ
CS,466,0,PREREQ
CS,467,0,PREREQ
CS,475,0,PREREQ
CS,476,0,PREREQ
CS,476,1,PREREQ
CS,477,0,PREREQ
CS,477,1,PREREQ
CS,484,0,PREREQ
CS,494,0,PREREQ
CS,510,0,PREREQ
CS,511,0,PREREQ
CS,512,0,PREREQ
CS,519,0,PREREQ
CS,522,0,PREREQ
CS,522,1,PREREQ
CS,523,0,PREREQ
CS,523,1,PREREQ
CS,523,2,PREREQ
CS,524,0,PREREQ
CS,524,1,PREREQ
CS,525,0,PREREQ
CS,526,0,PREREQ
CS,527,0,PREREQ
CS,528,0,PREREQ
CS,533,0,PREREQ
CS,538,0,PREREQ
CS,544,0,PREREQ
CS,544,1,PREREQ
CS,546,0,PREREQ
CS,546,1,PREREQ
CS,548,0,PREREQ
CS,554,0,PREREQ
CS,555,0,PREREQ
CS,563,0,PREREQ
CS,565,0,PREREQ
CS,574,0,PREREQ
CS,574,1,PREREQ
CS,579,0,PREREQ
CS,581,0,PREREQ
CS,581,1,PREREQ
CS,581,2,PREREQ
CS,582,0,PREREQ
CS,582,0,COREQ
CS,583,0,PREREQ
CW,200,0,PREREQ
CW,204,0,PREREQ
CW,206,0,PREREQ
CW,404,0,PREREQ
CW,406,0,PREREQ
CW,460,0,PREREQ
CWL,202,0,PREREQ
CWL,202,1,PREREQ
CZCH,102,0,PREREQ
CZCH,201,0,PREREQ
CZCH,202,0,PREREQ
CZCH,484,0,PREREQ
DANC,102,0,PREREQ
DANC,106,0,PREREQ
DANC,121,0,PREREQ
DANC,262,0,PREREQ
DANC,302,0,PREREQ
DANC,303,0,PREREQ
DANC,303,1,PREREQ
DANC,331,0,PREREQ
DANC,331,1,PREREQ
DANC,362,0,PREREQ
DANC,424,0,PREREQ
DANC,441,0,PREREQ
DANC,542,0,PREREQ
EALC,488,0,PREREQ
ECE,205,0,PREREQ
ECE,206,0,PREREQ
ECE,210,0,PREREQ
ECE,210,1,PREREQ
ECE,210,0,COREQ
ECE,211,0,PREREQ
ECE,211,1,PREREQ
ECE,211,0,COREQ
ECE,220,0,PREREQ
ECE,304,0,PREREQ
ECE,307,0,PREREQ
ECE,307,0,COREQ
ECE,310,0,PREREQ
ECE,311,0,COREQ
ECE,313,0,PREREQ
ECE,316,0,PREREQ
ECE,317,0,PREREQ
ECE,329,0,PREREQ
ECE,330,0,PREREQ
ECE,333,0,PREREQ
ECE,340,0,PREREQ
ECE,340,1,PREREQ
ECE,340,0,COREQ
ECE,342,0,PREREQ
ECE,343,0,COREQ
ECE,350,0,PREREQ
ECE,365,0,PREREQ
ECE,380,0,PREREQ
ECE,385,0,PREREQ
ECE,385,1,PREREQ
ECE,391,0,PREREQ
ECE,395,0,PREREQ
ECE,401,0,PREREQ
ECE,402,0,PREREQ
ECE,403,0,PREREQ
ECE,403,1,PREREQ
ECE,408,0,PREREQ
ECE,411,0,PREREQ
ECE,412,0,PREREQ
ECE,412,1,PREREQ
ECE,416,0,PREREQ
ECE,417,0,PREREQ
ECE,417,1,PREREQ
ECE,418,0,PREREQ
ECE,418,1,PREREQ
ECE,418,0,COREQ
ECE,420,0,PREREQ
ECE,425,0,PREREQ
ECE,425,1,PREREQ
ECE,431,0,PREREQ
ECE,432,0,PREREQ
ECE,434,0,PREREQ
ECE,437,0,PREREQ
ECE,439,0,PREREQ
ECE,439,1,PREREQ
ECE,441,0,PREREQ
ECE,442,0,PREREQ
ECE,443,0,PREREQ
ECE,444,0,PREREQ
ECE,446,0,PREREQ
ECE,447,0,PREREQ
ECE,447,1,PREREQ
ECE,451,0,PREREQ
ECE,452,0,PREREQ
ECE,454,0,PREREQ
ECE,455,0,PREREQ
ECE,456,0,PREREQ
ECE,457,0,PREREQ
ECE,457,1,PREREQ
ECE,458,0,PREREQ
ECE,459,0,PREREQ
ECE,460,0,PREREQ
ECE,460,0,COREQ
ECE,461,0,PREREQ
ECE,461,1,PREREQ
ECE,462,0,PREREQ
ECE,463,0,PREREQ
ECE,464,0,PREREQ
ECE,465,0,PREREQ
ECE,465,1,PREREQ
ECE,466,0,COREQ
ECE,467,0,PREREQ
ECE,468,0,PREREQ
ECE,468,1,PREREQ
ECE,469,0,PREREQ
ECE,469,0,COREQ
ECE,470,0,PREREQ
ECE,472,0,PREREQ
ECE,473,0,PREREQ
ECE,476,0,PREREQ
ECE,481,0,PREREQ
ECE,482,0,PREREQ
ECE,483,0,PREREQ
ECE,484,0,PREREQ
ECE,484,1,PREREQ
ECE,484,2,PREREQ
ECE,486,0,PREREQ
ECE,487,0,PREREQ
ECE,488,0,PREREQ
ECE,488,1,PREREQ
ECE,490,0,PREREQ
ECE,490,1,PREREQ
ECE,496,0,PREREQ
ECE,499,0,PREREQ
ECE,508,0,PREREQ
ECE,511,0,PREREQ
ECE,512,0,PREREQ
ECE,512,1,PREREQ
ECE,513,0,PREREQ
ECE,513,1,PREREQ
ECE,513,2,PREREQ
ECE,515,0,PREREQ
ECE,517,0,PREREQ
ECE,526,0,PREREQ
ECE,527,0,PREREQ
ECE,527,1,PREREQ
ECE,528,0,PREREQ
ECE,530,0,PREREQ
ECE,530,1,PREREQ
ECE,531,0,PREREQ
ECE,532,0,PREREQ
ECE,532,1,PREREQ
ECE,532,0,COREQ
ECE,534,0,PREREQ
ECE,536,0,PREREQ
ECE,537,0,PREREQ
ECE,539,0,PREREQ
ECE,540,0,PREREQ
ECE,540,0,COREQ
ECE,541,0,PREREQ
ECE,542,0,PREREQ
ECE,543,0,PREREQ
ECE,545,0,PREREQ
ECE,546,0,PREREQ
ECE,547,0,PREREQ
ECE,547,1,PREREQ
ECE,549,0,PREREQ
ECE,550,0,PREREQ
ECE,551,0,PREREQ
ECE,551,1,PREREQ
ECE,552,0,PREREQ
ECE,552,1,PREREQ
ECE,553,0,PREREQ
ECE,553,1,PREREQ
ECE,555,0,PREREQ
ECE,555,1,PREREQ
ECE,556,0,PREREQ
ECE,558,0,PREREQ
ECE,558,1,PREREQ
ECE,560,0,PREREQ
ECE,561,0,PREREQ
ECE,562,0,PREREQ
ECE,563,0,PREREQ
ECE,564,0,PREREQ
ECE,566,0,PREREQ
ECE,566,1,PREREQ
ECE,567,0,PREREQ
ECE,567,1,PREREQ
ECE,568,0,PREREQ
ECE,568,1,PREREQ
ECE,569,0,PREREQ
ECE,570,0,PREREQ
ECE,571,0,PREREQ
ECE,571,1,PREREQ
ECE,573,0,PREREQ
ECE,573,0,COREQ
ECE,574,0,PREREQ
ECE,574,1,PREREQ
ECE,576,0,PREREQ
ECE,576,0,COREQ
ECE,577,0,PREREQ
ECE,580,0,PREREQ
ECE,580,1,PREREQ
ECE,581,0,PREREQ
ECE,581,1,PREREQ
ECE,582,0,PREREQ
ECE,584,0,PREREQ
ECE,585,0,PREREQ
ECE,588,0,PREREQ
ECE,588,1,PREREQ
ECE,588,2,PREREQ
ECE,594,0,PREREQ
ECON,203,0,PREREQ
ECON,203,1,PREREQ
ECON,220,0,PREREQ
ECON,302,0,PREREQ
ECON,302,1,PREREQ
ECON,302,2,PREREQ
ECON,302,3,PREREQ
ECON,303,0,PREREQ
ECON,303,1,PREREQ
ECON,399,0,PREREQ
ECON,399,1,PREREQ
ECON,402,0,PREREQ
ECON,402,1,PREREQ
ECON,411,0,PREREQ
ECON,413,0,PREREQ
ECON,413,1,PREREQ
ECON,414,0,PREREQ
ECON,415,0,PREREQ
ECON,415,1,PREREQ
ECON,417,0,PREREQ
ECON,417,1,PREREQ
ECON,418,0,PREREQ
ECON,418,1,PREREQ
ECON,420,0,PREREQ
ECON,425,0,PREREQ
ECON,425,1,PREREQ
ECON,425,2,PREREQ
ECON,426,0,PREREQ
ECON,426,1,PREREQ
ECON,437,0,PREREQ
ECON,437,1,PREREQ
ECON,437,2,PREREQ
ECON,440,0,PREREQ
ECON,442,0,PREREQ
ECON,442,1,PREREQ
ECON,447,0,PREREQ
ECON,447,1,PREREQ
ECON,448,0,PREREQ
ECON,448,1,PREREQ
ECON,450,0,PREREQ
ECON,450,1,PREREQ
ECON,452,0,PREREQ
ECON,453,0,PREREQ
ECON,453,1,PREREQ
ECON,455,0,PREREQ
ECON,455,1,PREREQ
ECON,460,0,PREREQ
ECON,460,1,PREREQ
ECON,469,0,PREREQ
ECON,469,1,PREREQ
ECON,471,0,PREREQ
ECON,471,1,PREREQ
ECON,472,0,PREREQ
ECON,472,1,PREREQ
ECON,472,2,PREREQ
ECON,474,0,PREREQ
ECON,474,1,PREREQ
ECON,474,2,PREREQ
ECON,475,0,PREREQ
ECON,475,1,PREREQ
ECON,480,0,PREREQ
ECON,481,0,PREREQ
ECON,483,0,PREREQ
ECON,483,1,PREREQ
ECON,484,0,PREREQ
ECON,490,0,PREREQ
ECON,490,1,PREREQ
ECON,500,0,PREREQ
ECON,501,0,PREREQ
ECON,501,1,PREREQ
ECON,505,0,PREREQ
ECON,507,0,PREREQ
ECON,507,1,PREREQ
ECON,510,0,PREREQ
ECON,511,0,PREREQ
ECON,519,0,PREREQ
ECON,519,1,PREREQ
ECON,530,0,PREREQ
ECON,530,1,PREREQ
ECON,534,0,PREREQ
ECON,535,0,PREREQ
ECON,536,0,PREREQ
ECON,536,1,PREREQ
ECON,540,0,PREREQ
ECON,540,1,PREREQ
ECON,541,0,PREREQ
ECON,541,1,PREREQ
ECON,547,0,PREREQ
ECON,547,1,PREREQ
ECON,549,0,PREREQ
ECON,551,0,PREREQ
ECON,555,0,PREREQ
ECON,555,1,PREREQ
ECON,556,0,PREREQ
ECON,557,0,PREREQ
ECON,557,1,PREREQ
ECON,557,2,PREREQ
ECON,562,0,PREREQ
ECON,562,1,PREREQ
ECON,574,0,PREREQ
ECON,574,1,PREREQ
ECON,575,0,PREREQ
ECON,577,0,PREREQ
ECON,581,0,PREREQ
ECON,581,1,PREREQ
ECON,585,0,PREREQ
ECON,585,1,PREREQ
EIL,460,0,PREREQ
EIL,511,0,PREREQ
ENG,471,0,PREREQ
ENG,471,1,PREREQ
ENG,571,0,COREQ
ENVS,492,0,PREREQ
EPOL,395,0,PREREQ
EPSY,201,0,PREREQ
EPSY,236,0,PREREQ
EPSY,280,0,PREREQ
EPSY,400,0,PREREQ
EPSY,401,0,PREREQ
EPSY,402,0,PREREQ
EPSY,403,0,PREREQ
EPSY,404,0,PREREQ
EPSY,420,0,PREREQ
EPSY,456,0,PREREQ
EPSY,457,0,PREREQ
EPSY,471,0,PREREQ
EPSY,486,0,PREREQ
EPSY,507,0,PREREQ
EPSY,513,0,PREREQ
EPSY,521,0,PREREQ
EPSY,574,0,PREREQ
EPSY,575,0,PREREQ
EPSY,575,1,PREREQ
EPSY,579,0,PREREQ
EPSY,579,1,PREREQ
EPSY,580,0,PREREQ
EPSY,581,0,PREREQ
EPSY,585,0,PREREQ
EPSY,585,1,PREREQ
EPSY,585,2,PREREQ
EPSY,585,3,PREREQ
EPSY,586,0,PREREQ
EPSY,587,0,PREREQ
EPSY,589,0,PREREQ
ESL,512,0,PREREQ
ESL,592,0,PREREQ
EURO,599,0,PREREQ
EURO,599,1,PREREQ
FAA,330,0,PREREQ
FAA,330,1,PREREQ
FAA,431,0,PREREQ
FIN,241,0,PREREQ
FIN,300,0,PREREQ
FIN,321,0,PREREQ
FIN,411,0,PREREQ
FIN,412,0,PREREQ
FIN,413,0,PREREQ
FIN,415,0,PREREQ
FIN,418,0,PREREQ
FIN,418,1,PREREQ
FIN,419,0,PREREQ
FIN,422,0,PREREQ
FIN,422,1,PREREQ
FIN,423,0,PREREQ
FIN,424,0,PREREQ
FIN,425,0,PREREQ
FIN,428,0,PREREQ
FIN,431,0,PREREQ
FIN,432,0,PREREQ
FIN,433,0,PREREQ
FIN,433,1,PREREQ
FIN,433,2,PREREQ
FIN,434,0,PREREQ
FIN,435,0,PREREQ
FIN,447,0,PREREQ
FIN,451,0,PREREQ
FIN,451,1,PREREQ
FIN,461,0,PREREQ
FIN,464,0,PREREQ
FIN,490,0,PREREQ
FIN,511,0,PREREQ
FIN,512,0,PREREQ
FIN,513,0,PREREQ
FIN,515,0,PREREQ
FIN,516,0,PREREQ
FIN,517,0,PREREQ
FIN,524,0,PREREQ
FIN,551,0,PREREQ
FIN,552,0,PREREQ
FIN,561,0,PREREQ
FIN,562,0,PREREQ
FIN,564,0,PREREQ
FIN,567,0,PREREQ
FIN,579,0,COREQ
FIN,591,0,PREREQ
FIN,591,1,PREREQ
FIN,593,0,PREREQ
FIN,593,1,PREREQ
FIN,594,0,PREREQ
FIN,594,1,PREREQ
FR,205,0,PREREQ
FR,211,0,PREREQ
FR,212,0,PREREQ
FR,213,0,PREREQ
FR,299,0,PREREQ
FR,301,0,PREREQ
FR,301,1,PREREQ
FR,309,0,PREREQ
FR,309,1,PREREQ
FR,309,2,PREREQ
FR,311,0,PREREQ
FR,311,1,PREREQ
FR,311,2,PREREQ
FR,312,0,PREREQ
FR,312,1,PREREQ
FR,312,2,PREREQ
FR,314,0,PREREQ
FR,319,0,PREREQ
FR,319,1,PREREQ
FR,319,2,PREREQ
FR,322,0,PREREQ
FR,322,1,PREREQ
FR,322,2,PREREQ
FR,323,0,PREREQ
FR,323,1,PREREQ
FR,323,2,PREREQ
FR,324,0,PREREQ
FR,324,1,PREREQ
FR,324,2,PREREQ
FR,335,0,PREREQ
FR,335,1,PREREQ
FR,336,0,PREREQ
FR,336,1,PREREQ
FR,337,0,PREREQ
FR,337,1,PREREQ
FR,337,2,PREREQ
FR,413,0,PREREQ
FR,419,0,PREREQ
FR,421,0,PREREQ
FR,443,0,PREREQ
FR,479,0,PREREQ
FR,485,0,PREREQ
FR,486,0,PREREQ
FSHN,201,0,PREREQ
FSHN,201,1,PREREQ
FSHN,249,0,PREREQ
FSHN,249,1,PREREQ
FSHN,250,0,COREQ
FSHN,251,0,PREREQ
FSHN,322,0,PREREQ
FSHN,345,0,PREREQ
FSHN,414,0,PREREQ
FSHN,418,0,PREREQ
FSHN,418,1,PREREQ
FSHN,418,2,PREREQ
FSHN,419,0,PREREQ
FSHN,420,0,PREREQ
FSHN,421,0,PREREQ
FSHN,422,0,PREREQ
FSHN,426,0,PREREQ
FSHN,427,0,PREREQ
FSHN,442,0,PREREQ
FSHN,460,0,PREREQ
FSHN,460,1,PREREQ
FSHN,464,0,PREREQ
FSHN,466,0,PREREQ
FSHN,466,1,PREREQ
FSHN,469,0,PREREQ
FSHN,481,0,PREREQ
FSHN,481,1,PREREQ
FSHN,481,2,PREREQ
FSHN,482,0,PREREQ
FSHN,483,0,PREREQ
FSHN,483,1,PREREQ
FSHN,483,2,PREREQ
FSHN,484,0,PREREQ
FSHN,519,0,PREREQ
FSHN,519,1,PREREQ
FSHN,521,0,PREREQ
FSHN,521,1,PREREQ
FSHN,521,2,PREREQ
FSHN,521,3,PREREQ
FSHN,522,0,PREREQ
FSHN,522,1,PREREQ
FSHN,522,2,PREREQ
FSHN,522,3,PREREQ
FSHN,574,0,PREREQ
FSHN,591,0,PREREQ
GEOG,406,0,PREREQ
GEOG,406,1,PREREQ
GEOG,406,2,PREREQ
GEOG,412,0,PREREQ
GEOG,438,0,PREREQ
GEOG,478,0,PREREQ
GEOG,479,0,PREREQ
GEOG,480,0,PREREQ
GEOG,480,1,PREREQ
GEOG,491,0,PREREQ
GEOG,496,0,PREREQ
GEOG,496,1,PREREQ
GEOG,496,2,PREREQ
GEOG,496,3,PREREQ
GEOG,507,0,PREREQ
GEOG,527,0,PREREQ
GEOG,594,0,PREREQ
GEOL,208,0,PREREQ
GEOL,333,0,PREREQ
GEOL,333,1,PREREQ
GEOL,380,0,PREREQ
GEOL,380,1,PREREQ
GEOL,390,0,PREREQ
GEOL,391,0,PREREQ
GEOL,401,0,PREREQ
GEOL,411,0,PREREQ
GEOL,432,0,PREREQ
GEOL,432,1,PREREQ
GEOL,432,2,PREREQ
GEOL,436,0,PREREQ
GEOL,440,0,PREREQ
GEOL,451,0,PREREQ
GEOL,451,1,PREREQ
GEOL,452,0,PREREQ
GEOL,452,1,PREREQ
GEOL,454,0,PREREQ
GEOL,460,0,PREREQ
GEOL,460,1,PREREQ
GEOL,460,2,PREREQ
GEOL,460,3,PREREQ
GEOL,470,0,PREREQ
GEOL,490,0,PREREQ
GEOL,491,0,PREREQ
GEOL,506,0,PREREQ
GEOL,506,1,PREREQ
GEOL,507,0,PREREQ
GEOL,507,1,PREREQ
GEOL,507,2,PREREQ
GEOL,511,0,PREREQ
GEOL,512,0,PREREQ
GEOL,552,0,PREREQ
GEOL,552,1,PREREQ
GEOL,552,2,PREREQ
GEOL,553,0,PREREQ
GEOL,553,1,PREREQ
GEOL,560,0,PREREQ
GEOL,560,1,PREREQ
GEOL,560,2,PREREQ
GEOL,571,0,PREREQ
GEOL,572,0,PREREQ
GEOL,572,1,PREREQ
GEOL,579,0,PREREQ
GEOL,579,1,PREREQ
GER,211,0,PREREQ
GER,212,0,PREREQ
GER,299,0,PREREQ
GER,320,0,PREREQ
GER,321,0,PREREQ
GER,332,0,PREREQ
GER,401,0,PREREQ
GER,403,0,PREREQ
GER,501,0,PREREQ
GER,520,0,PREREQ
GER,530,0,PREREQ
GLBL,220,0,PREREQ
GLBL,340,0,PREREQ
GLBL,350,0,PREREQ
GLBL,440,0,PREREQ
GLBL,492,0,PREREQ
GLBL,494,0,PREREQ
GLBL,495,0,PREREQ
GRK,102,0,PREREQ
GRK,201,0,PREREQ
GRK,202,0,PREREQ
GRK,401,0,PREREQ
GRK,411,0,PREREQ
GRK,491,0,PREREQ
GRK,493,0,PREREQ
GRK,520,0,PREREQ
GRKM,202,0,PREREQ
GRKM,403,0,PREREQ
GRKM,404,0,PREREQ
GRKM,453,0,PREREQ
GRKM,454,0,PREREQ
GWS,366,0,PREREQ
GWS,370,0,PREREQ
GWS,370,1,PREREQ
GWS,370,2,PREREQ
GWS,380,0,PREREQ
GWS,385,0,PREREQ
GWS,459,0,PREREQ
GWS,464,0,PREREQ
HDFS,206,0,PREREQ
HDFS,208,0,PREREQ
HDFS,290,0,PREREQ
HDFS,301,0,PREREQ
HDFS,305,0,PREREQ
HDFS,310,0,PREREQ
HDFS,340,0,PREREQ
HDFS,401,0,PREREQ
HDFS,401,1,PREREQ
HDFS,405,0,PREREQ
HDFS,408,0,PREREQ
HDFS,420,0,PREREQ
HDFS,425,0,PREREQ
HDFS,425,1,PREREQ
HDFS,426,0,PREREQ
HDFS,461,0,PREREQ
HDFS,503,0,PREREQ
HDFS,527,0,PREREQ
HDFS,528,0,PREREQ
HDFS,550,0,PREREQ
HDFS,594,0,PREREQ
HEBR,202,0,PREREQ
HEBR,403,0,PREREQ
HEBR,404,0,PREREQ
HEBR,405,0,PREREQ
HEBR,406,0,PREREQ
HEBR,407,0,PREREQ
HIST,493,0,PREREQ
HIST,493,1,PREREQ
HIST,499,0,PREREQ
HIST,594,0,PREREQ
HNDI,202,0,PREREQ
HNDI,403,0,PREREQ
HNDI,404,0,PREREQ
HNDI,405,0,PREREQ
HNDI,406,0,PREREQ
HORT,240,0,PREREQ
HORT,301,0,PREREQ
HORT,341,0,PREREQ
HORT,341,1,PREREQ
HORT,344,0,PREREQ
HORT,360,0,PREREQ
HORT,361,0,PREREQ
HORT,362,0,PREREQ
HORT,363,0,PREREQ
HORT,363,1,PREREQ
HORT,363,2,PREREQ
HORT,363,3,PREREQ
HORT,442,0,PREREQ
HORT,442,1,PREREQ
HORT,447,0,PREREQ
HRD,440,0,PREREQ
HRD,509,0,PREREQ
HRD,509,1,PREREQ
HRD,509,2,PREREQ
HT,511,0,PREREQ
IB,151,0,COREQ
IB,202,0,PREREQ
IB,202,1,PREREQ
IB,203,0,PREREQ
IB,203,1,PREREQ
IB,204,0,PREREQ
IB,204,1,PREREQ
IB,271,0,PREREQ
IB,302,0,PREREQ
IB,303,0,PREREQ
IB,360,0,PREREQ
IB,364,0,PREREQ
IB,368,0,PREREQ
IB,372,0,PREREQ
IB,401,0,PREREQ
IB,405,0,PREREQ
IB,420,0,PREREQ
IB,420,1,PREREQ
IB,426,0,PREREQ
IB,426,1,PREREQ
IB,426,2,PREREQ
IB,427,0,PREREQ
IB,427,1,PREREQ
IB,430,0,PREREQ
IB,431,0,PREREQ
IB,432,0,PREREQ
IB,432,1,PREREQ
IB,434,0,PREREQ
IB,435,0,PREREQ
IB,443,0,PREREQ
IB,443,1,PREREQ
IB,444,0,PREREQ
IB,444,1,PREREQ
IB,447,0,PREREQ
IB,451,0,PREREQ
IB,452,0,PREREQ
IB,452,1,PREREQ
IB,453,0,PREREQ
IB,461,0,PREREQ
IB,462,0,PREREQ
IB,462,1,PREREQ
IB,463,0,PREREQ
IB,464,0,PREREQ
IB,467,0,PREREQ
IB,468,0,PREREQ
IB,471,0,PREREQ
IB,471,1,PREREQ
IB,472,0,PREREQ
IB,472,1,PREREQ
IB,473,0,PREREQ
IB,481,0,PREREQ
IB,482,0,PREREQ
IB,483,0,PREREQ
IB,483,1,PREREQ
IB,492,0,PREREQ
IB,494,0,PREREQ
IB,504,0,PREREQ
IB,542,0,PREREQ
IE,300,0,PREREQ
IE,310,0,COREQ
IE,330,0,PREREQ
IE,340,0,PREREQ
IE,340,1,PREREQ
IE,360,0,COREQ
IE,361,0,PREREQ
IE,370,0,PREREQ
IE,370,1,PREREQ
IE,400,0,PREREQ
IE,405,0,PREREQ
IE,410,0,PREREQ
IE,411,0,PREREQ
IE,411,1,PREREQ
IE,412,0,PREREQ
IE,413,0,PREREQ
IE,413,1,PREREQ
IE,420,0,PREREQ
IE,430,0,PREREQ
IE,431,0,PREREQ
IE,510,0,PREREQ
IE,511,0,PREREQ
IE,512,0,PREREQ
IE,513,0,PREREQ
IE,515,0,PREREQ
IE,515,1,PREREQ
IE,516,0,PREREQ
IE,516,1,PREREQ
IE,517,0,COREQ
IE,520,0,PREREQ
IE,521,0,PREREQ
IE,521,1,PREREQ
IE,521,2,PREREQ
IE,522,0,PREREQ
IE,523,0,PREREQ
IE,524,0,PREREQ
IE,524,1,PREREQ
IE,525,0,PREREQ
IE,528,0,PREREQ
IE,528,1,PREREQ
IE,529,0,PREREQ
IE,529,1,PREREQ
IE,530,0,PREREQ
IE,531,0,PREREQ
IE,531,1,PREREQ
IE,532,0,PREREQ
IE,533,0,PREREQ
IE,533,1,PREREQ
IE,533,2,PREREQ
IE,534,0,PREREQ
IS,205,0,PREREQ
IS,249,0,PREREQ
IS,269,0,PREREQ
IS,416,0,PREREQ
IS,449,0,PREREQ
IS,449,1,PREREQ
IS,449,2,PREREQ
IS,477,0,PREREQ
IS,561,0,PREREQ
ITAL,200,0,PREREQ
ITAL,210,0,COREQ
ITAL,310,0,PREREQ
ITAL,380,0,PREREQ
ITAL,390,0,PREREQ
ITAL,406,0,PREREQ
ITAL,440,0,PREREQ
ITAL,450,0,PREREQ
JAPN,202,0,PREREQ
JAPN,203,0,PREREQ
JAPN,204,0,PREREQ
JAPN,408,0,PREREQ
JAPN,440,0,PREREQ
JAPN,441,0,PREREQ
JOUR,210,0,PREREQ
JOUR,315,0,PREREQ
JOUR,317,0,PREREQ
JOUR,335,0,PREREQ
JOUR,340,0,PREREQ
JOUR,425,0,PREREQ
JOUR,445,0,PREREQ
JOUR,472,0,PREREQ
JOUR,475,0,PREREQ
JOUR,480,0,PREREQ
JOUR,481,0,PREREQ
KIN,450,0,PREREQ
KIN,470,0,PREREQ
KIN,553,0,PREREQ
LA,233,0,COREQ
LA,234,0,PREREQ
LA,315,0,PREREQ
LA,335,0,PREREQ
LA,336,0,PREREQ
LA,343,0,PREREQ
LA,437,0,PREREQ
LA,438,0,PREREQ
LA,452,0,PREREQ
LA,453,0,PREREQ
LA,537,0,PREREQ
LA,537,1,PREREQ
LAS,292,0,PREREQ
LAST,490,0,PREREQ
LAT,493,0,PREREQ
LAT,520,0,PREREQ
LAW,612,0,PREREQ
LAW,625,0,PREREQ
LAW,634,0,PREREQ
LAW,635,0,PREREQ
LAW,636,0,PREREQ
LAW,639,0,PREREQ
LAW,648,0,PREREQ
LAW,649,0,PREREQ
LEAD,360,0,PREREQ
LEAD,460,0,PREREQ
LEAD,460,1,PREREQ
LEAD,480,0,PREREQ
LER,522,0,PREREQ
LER,545,0,PREREQ
LING,270,0,PREREQ
LING,301,0,PREREQ
LING,302,0,PREREQ
LING,304,0,PREREQ
LING,307,0,PREREQ
LING,430,0,PREREQ
LING,446,0,PREREQ
LING,469,0,PREREQ
LING,469,1,PREREQ
LING,490,0,PREREQ
LING,490,1,PREREQ
LING,501,0,PREREQ
LING,502,0,PREREQ
LING,504,0,PREREQ
LING,504,1,PREREQ
LING,507,0,PREREQ
LING,514,0,PREREQ
LING,514,1,PREREQ
LING,516,0,PREREQ
LING,516,1,PREREQ
LING,520,0,PREREQ
LING,520,1,PREREQ
LING,522,0,PREREQ
LING,541,0,PREREQ
LING,542,0,PREREQ
LING,547,0,PREREQ
LING,550,0,PREREQ
LING,551,0,PREREQ
LING,551,1,PREREQ
LING,582,0,PREREQ
LING,587,0,PREREQ
LING,591,0,PREREQ
LING,591,1,PREREQ
LLS,320,0,PREREQ
LLS,385,0,PREREQ
LLS,387,0,PREREQ
LLS,410,0,PREREQ
LLS,479,0,PREREQ
LLS,490,0,PREREQ
MATH,225,0,PREREQ
MATH,231,0,PREREQ
MATH,241,0,PREREQ
MATH,284,0,PREREQ
MATH,285,0,PREREQ
MATH,286,0,PREREQ
MATH,299,0,PREREQ
MATH,347,0,PREREQ
MATH,402,0,PREREQ
MATH,403,0,PREREQ
MATH,405,0,PREREQ
MATH,406,0,PREREQ
MATH,415,0,PREREQ
MATH,416,0,PREREQ
MATH,418,0,PREREQ
MATH,423,0,PREREQ
MATH,432,0,PREREQ
MATH,441,0,PREREQ
MATH,442,0,PREREQ
MATH,444,0,PREREQ
MATH,446,0,PREREQ
MATH,447,0,PREREQ
MATH,448,0,PREREQ
MATH,453,0,PREREQ
MATH,461,0,PREREQ
MATH,482,0,PREREQ
MATH,484,0,PREREQ
MATH,484,1,PREREQ
MATH,484,2,PREREQ
MATH,487,0,PREREQ
MATH,489,0,PREREQ
MATH,500,0,PREREQ
MATH,500,1,PREREQ
MATH,501,0,PREREQ
MATH,502,0,PREREQ
MATH,503,0,PREREQ
MATH,505,0,PREREQ
MATH,506,0,PREREQ
MATH,510,0,PREREQ
MATH,511,0,PREREQ
MATH,514,0,PREREQ
MATH,518,0,PREREQ
MATH,519,0,PREREQ
MATH,525,0,PREREQ
MATH,525,1,PREREQ
MATH,526,0,PREREQ
MATH,526,1,PREREQ
MATH,527,0,PREREQ
MATH,530,0,PREREQ
MATH,532,0,PREREQ
MATH,533,0,PREREQ
MATH,540,0,PREREQ
MATH,541,0,PREREQ
MATH,542,0,PREREQ
MATH,543,0,PREREQ
MATH,545,0,PREREQ
MATH,545,1,PREREQ
MATH,546,0,PREREQ
MATH,547,0,PREREQ
MATH,550,0,PREREQ
MATH,554,0,PREREQ
MATH,561,0,PREREQ
MATH,562,0,PREREQ
MATH,563,0,PREREQ
MATH,564,0,PREREQ
MATH,564,1,PREREQ
MATH,570,0,PREREQ
MATH,571,0,PREREQ
MATH,573,0,PREREQ
MATH,574,0,PREREQ
MATH,581,0,PREREQ
MATH,582,0,PREREQ
MATH,583,0,PREREQ
MATH,584,0,PREREQ
MATH,585,0,PREREQ
MATH,586,0,PREREQ
MATH,589,0,PREREQ
MATH,589,1,PREREQ
MCB,101,0,COREQ
MCB,270,0,PREREQ
MCB,317,0,PREREQ
MCB,317,1,PREREQ
MCB,317,2,PREREQ
MCB,317,3,PREREQ
MCB,320,0,PREREQ
MCB,354,0,PREREQ
MCB,354,1,PREREQ
MCB,354,2,PREREQ
MCB,354,3,PREREQ
MCB,364,0,PREREQ
MCB,364,1,PREREQ
MCB,401,0,PREREQ
MCB,402,0,PREREQ
MCB,406,0,PREREQ
MCB,408,0,PREREQ
MCB,408,1,PREREQ
MCB,408,2,PREREQ
MCB,408,3,PREREQ
MCB,408,4,PREREQ
MCB,410,0,PREREQ
MCB,413,0,PREREQ
MCB,419,0,PREREQ
MCB,421,0,PREREQ
MCB,424,0,PREREQ
MCB,426,0,PREREQ
MCB,426,1,PREREQ
MCB,428,0,PREREQ
MCB,428,1,PREREQ
MCB,429,0,PREREQ
MCB,429,1,PREREQ
MCB,431,0,PREREQ
MCB,435,0,PREREQ
MCB,458,0,PREREQ
MCB,461,0,PREREQ
MCB,461,1,PREREQ
MCB,462,0,PREREQ
MCB,465,0,PREREQ
MCB,465,1,PREREQ
MCB,471,0,PREREQ
MCB,471,1,PREREQ
MCB,480,0,PREREQ
MCB,545,0,PREREQ
ME,200,0,PREREQ
ME,270,0,PREREQ
ME,310,0,PREREQ
ME,310,1,PREREQ
ME,310,2,PREREQ
ME,310,0,COREQ
ME,320,0,PREREQ
ME,320,1,PREREQ
ME,320,0,COREQ
ME,330,0,PREREQ
ME,330,1,PREREQ
ME,340,0,PREREQ
ME,340,1,PREREQ
ME,340,2,PREREQ
ME,340,3,PREREQ
ME,340,0,COREQ
ME,340,1,COREQ
ME,351,0,PREREQ
ME,360,0,PREREQ
ME,370,0,PREREQ
ME,370,1,PREREQ
ME,370,2,PREREQ
ME,371,0,PREREQ
ME,371,1,PREREQ
ME,371,2,PREREQ
ME,400,0,PREREQ
ME,401,0,COREQ
ME,402,0,COREQ
ME,403,0,COREQ
ME,404,0,PREREQ
ME,410,0,PREREQ
ME,410,1,PREREQ
ME,412,0,PREREQ
ME,412,1,PREREQ
ME,412,2,PREREQ
ME,420,0,PREREQ
ME,420,1,PREREQ
ME,420,2,PREREQ
ME,430,0,PREREQ
ME,430,1,PREREQ
ME,431,0,PREREQ
ME,431,1,PREREQ
ME,432,0,PREREQ
ME,432,1,PREREQ
ME,440,0,PREREQ
ME,450,0,PREREQ
ME,450,1,PREREQ
ME,451,0,PREREQ
ME,452,0,PREREQ
ME,452,1,PREREQ
ME,453,0,PREREQ
ME,453,1,PREREQ
ME,453,2,PREREQ
ME,453,3,PREREQ
ME,455,0,PREREQ
ME,458,0,PREREQ
ME,460,0,PREREQ
ME,460,1,PREREQ
ME,461,0,PREREQ
ME,465,0,PREREQ
ME,465,1,PREREQ
ME,465,2,PREREQ
ME,465,3,PREREQ
ME,471,0,PREREQ
ME,481,0,PREREQ
ME,481,1,PREREQ
ME,482,0,PREREQ
ME,483,0,PREREQ
ME,483,1,PREREQ
ME,487,0,PREREQ
ME,501,0,PREREQ
ME,502,0,PREREQ
ME,503,0,PREREQ
ME,504,0,PREREQ
ME,510,0,PREREQ
ME,512,0,PREREQ
ME,512,1,PREREQ
ME,512,2,PREREQ
ME,512,3,PREREQ
ME,512,4,PREREQ
ME,520,0,PREREQ
ME,521,0,PREREQ
ME,522,0,PREREQ
ME,530,0,PREREQ
ME,531,0,PREREQ
ME,531,1,PREREQ
ME,532,0,PREREQ
ME,533,0,PREREQ
ME,541,0,PREREQ
ME,541,1,PREREQ
ME,550,0,PREREQ
ME,554,0,PREREQ
ME,554,1,PREREQ
ME,561,0,PREREQ
ME,570,0,PREREQ
ME,570,1,PREREQ
ME,570,2,PREREQ
ME,586,0,PREREQ
MFST,198,0,PREREQ
MFST,198,1,PREREQ
MFST,198,2,PREREQ
MFST,198,3,PREREQ
MFST,198,4,PREREQ
MFST,397,0,PREREQ
MFST,401,0,PREREQ
MFST,401,1,PREREQ
MFST,450,0,PREREQ
MFST,450,1,PREREQ
MSE,183,0,PREREQ
MSE,201,0,PREREQ
MSE,201,0,COREQ
MSE,201,1,COREQ
MSE,201,2,COREQ
MSE,206,0,PREREQ
MSE,206,1,PREREQ
MSE,280,0,PREREQ
MSE,280,1,PREREQ
MSE,304,0,PREREQ
MSE,307,0,COREQ
MSE,307,1,COREQ
MSE,308,0,COREQ
MSE,308,1,COREQ
MSE,395,0,COREQ
MSE,401,0,PREREQ
MSE,401,0,COREQ
MSE,402,0,PREREQ
MSE,402,1,PREREQ
MSE,403,0,PREREQ
MSE,403,0,COREQ
MSE,405,0,PREREQ
MSE,405,1,PREREQ
MSE,405,2,PREREQ
MSE,406,0,PREREQ
MSE,420,0,PREREQ
MSE,420,0,COREQ
MSE,421,0,PREREQ
MSE,422,0,PREREQ
MSE,440,0,PREREQ
MSE,441,0,PREREQ
MSE,443,0,PREREQ
MSE,443,1,PREREQ
MSE,445,0,PREREQ
MSE,450,0,PREREQ
MSE,453,0,PREREQ
MSE,455,0,PREREQ
MSE,456,0,PREREQ
MSE,457,0,PREREQ
MSE,458,0,PREREQ
MSE,460,0,PREREQ
MSE,460,1,PREREQ
MSE,461,0,PREREQ
MSE,473,0,PREREQ
MSE,473,1,PREREQ
MSE,474,0,PREREQ
MSE,474,1,PREREQ
MSE,480,0,PREREQ
MSE,481,0,PREREQ
MSE,484,0,PREREQ
MSE,484,1,PREREQ
MSE,485,0,PREREQ
MSE,487,0,PREREQ
MSE,487,1,PREREQ
MSE,488,0,PREREQ
MSE,488,1,PREREQ
MSE,489,0,PREREQ
MSE,500,0,PREREQ
MSE,501,0,PREREQ
MSE,580,0,PREREQ
MSE,581,0,PREREQ
MSE,581,1,PREREQ
MSE,582,0,PREREQ
MSE,583,0,PREREQ
MSE,584,0,PREREQ
MSE,584,1,PREREQ
MUS,160,0,PREREQ
MUS,160,1,PREREQ
MUS,161,0,PREREQ
MUS,163,0,PREREQ
MUS,163,1,PREREQ
MUS,167,0,PREREQ
MUS,171,0,PREREQ
MUS,173,0,PREREQ
MUS,173,1,PREREQ
MUS,173,2,PREREQ
MUS,174,0,PREREQ
MUS,174,1,PREREQ
MUS,174,2,PREREQ
MUS,175,0,PREREQ
MUS,175,1,PREREQ
MUS,175,2,PREREQ
MUS,205,0,PREREQ
MUS,205,1,PREREQ
MUS,205,2,PREREQ
MUS,243,0,PREREQ
MUS,244,0,PREREQ
MUS,313,0,PREREQ
MUS,314,0,PREREQ
MUS,317,0,PREREQ
MUS,318,0,PREREQ
MUS,330,0,PREREQ
MUS,331,0,PREREQ
MUS,332,0,PREREQ
MUS,333,0,PREREQ
MUS,342,0,PREREQ
MUS,343,0,PREREQ
MUS,344,0,PREREQ
MUS,344,1,PREREQ
MUS,346,0,PREREQ
MUS,346,1,PREREQ
MUS,348,0,PREREQ
MUS,350,0,PREREQ
MUS,360,0,PREREQ
MUS,360,1,PREREQ
MUS,360,2,PREREQ
MUS,364,0,PREREQ
MUS,369,0,PREREQ
MUS,400,0,PREREQ
MUS,400,1,PREREQ
MUS,404,0,PREREQ
MUS,404,1,PREREQ
MUS,404,2,PREREQ
MUS,405,0,PREREQ
MUS,405,1,PREREQ
MUS,408,0,PREREQ
MUS,408,1,PREREQ
MUS,411,0,PREREQ
MUS,411,1,PREREQ
MUS,415,0,PREREQ
MUS,415,1,PREREQ
MUS,416,0,PREREQ
MUS,418,0,PREREQ
MUS,418,1,PREREQ
MUS,426,0,PREREQ
MUS,426,1,PREREQ
MUS,433,0,PREREQ
MUS,433,1,PREREQ
MUS,433,2,PREREQ
MUS,434,0,PREREQ
MUS,434,1,PREREQ
MUS,434,2,PREREQ
MUS,437,0,PREREQ
MUS,437,1,PREREQ
MUS,438,0,PREREQ
MUS,439,0,PREREQ
MUS,442,0,PREREQ
MUS,442,1,PREREQ
MUS,447,0,PREREQ
MUS,447,1,PREREQ
MUS,449,0,PREREQ
MUS,449,1,PREREQ
MUS,449,2,PREREQ
MUS,455,0,PREREQ
MUS,455,1,PREREQ
MUS,455,2,PREREQ
MUS,456,0,PREREQ
MUS,470,0,PREREQ
MUS,508,0,PREREQ
MUS,512,0,PREREQ
MUS,516,0,PREREQ
MUS,519,0,PREREQ
MUS,519,1,PREREQ
MUS,520,0,PREREQ
MUS,534,0,PREREQ
MUS,542,0,PREREQ
MUS,553,0,PREREQ
MUS,569,0,PREREQ
MUS,569,1,PREREQ
MUSE,330,0,PREREQ
MUSE,389,0,PREREQ
MUSE,389,1,PREREQ
MUSE,420,0,PREREQ
MUSE,440,0,PREREQ
NEUR,543,0,PREREQ
NPRE,201,0,PREREQ
NPRE,201,1,PREREQ
NPRE,241,0,PREREQ
NPRE,241,1,PREREQ
NPRE,247,0,PREREQ
NPRE,247,0,COREQ
NPRE,412,0,PREREQ
NPRE,423,0,PREREQ
NPRE,423,1,PREREQ
NPRE,429,0,PREREQ
NPRE,432,0,COREQ
NPRE,435,0,PREREQ
NPRE,441,0,PREREQ
NPRE,442,0,PREREQ
NPRE,442,1,PREREQ
NPRE,444,0,PREREQ
NPRE,444,1,PREREQ
NPRE,446,0,PREREQ
NPRE,446,1,PREREQ
NPRE,447,0,PREREQ
NPRE,448,0,PREREQ
NPRE,448,1,PREREQ
NPRE,448,2,PREREQ
NPRE,451,0,PREREQ
NPRE,455,0,PREREQ
NPRE,457,0,PREREQ
NPRE,458,0,PREREQ
NPRE,470,0,PREREQ
NPRE,470,1,PREREQ
NPRE,470,2,PREREQ
NPRE,475,0,PREREQ
NPRE,475,1,PREREQ
NPRE,475,2,PREREQ
NPRE,501,0,PREREQ
NPRE,501,0,COREQ
NPRE,511,0,PREREQ
NPRE,521,0,PREREQ
NPRE,522,0,PREREQ
NPRE,523,0,PREREQ
NPRE,523,1,PREREQ
NPRE,526,0,PREREQ
NPRE,527,0,PREREQ
NPRE,529,0,PREREQ
NPRE,531,0,PREREQ
NPRE,558,0,PREREQ
NPRE,558,1,PREREQ
NPRE,560,0,PREREQ
NPRE,561,0,PREREQ
NRES,276,0,PREREQ
NRES,285,0,PREREQ
NRES,285,1,PREREQ
NRES,302,0,PREREQ
NRES,325,0,PREREQ
NRES,340,0,PREREQ
NRES,348,0,PREREQ
NRES,403,0,PREREQ
NRES,403,1,PREREQ
NRES,407,0,PREREQ
NRES,409,0,PREREQ
NRES,416,0,PREREQ
NRES,418,0,PREREQ
NRES,418,1,PREREQ
NRES,419,0,PREREQ
NRES,420,0,PREREQ
NRES,421,0,PREREQ
NRES,427,0,PREREQ
NRES,428,0,PREREQ
NRES,438,0,PREREQ
NRES,438,1,PREREQ
NRES,438,2,PREREQ
NRES,439,0,PREREQ
NRES,455,0,PREREQ
NRES,456,0,PREREQ
NRES,456,1,PREREQ
NRES,465,0,PREREQ
NRES,465,1,PREREQ
NRES,471,0,PREREQ
NRES,473,0,PREREQ
NRES,474,0,PREREQ
NRES,475,0,PREREQ
NRES,475,1,PREREQ
NRES,487,0,PREREQ
NRES,487,1,PREREQ
NRES,488,0,PREREQ
NRES,489,0,PREREQ
NRES,489,1,PREREQ
NRES,489,2,PREREQ
NRES,490,0,PREREQ
NRES,490,1,PREREQ
NRES,572,0,PREREQ
NRES,572,1,PREREQ
NRES,580,0,PREREQ
NRES,586,0,PREREQ
PATH,433,0,PREREQ
PATH,460,0,PREREQ
PATH,519,0,PREREQ
PATH,527,0,COREQ
PATH,544,0,PREREQ
PATH,547,0,COREQ
PATH,548,0,PREREQ
PATH,556,0,PREREQ
PATH,556,1,PREREQ
PATH,557,0,PREREQ
PATH,560,0,PREREQ
PATH,560,1,PREREQ
PATH,591,0,PREREQ
PERS,202,0,PREREQ
PERS,403,0,PREREQ
PERS,404,0,PREREQ
PERS,453,0,PREREQ
PERS,453,1,PREREQ
PERS,454,0,PREREQ
PHIL,404,0,PREREQ
PHIL,453,0,PREREQ
PHIL,454,0,PREREQ
PHIL,499,0,PREREQ
PHIL,499,1,PREREQ
PHIL,499,2,PREREQ
PHYS,100,0,COREQ
PHYS,102,0,PREREQ
PHYS,211,0,COREQ
PHYS,212,0,PREREQ
PHYS,212,0,COREQ
PHYS,213,0,PREREQ
PHYS,213,0,COREQ
PHYS,214,0,PREREQ
PHYS,221,0,PREREQ
PHYS,222,0,PREREQ
PHYS,225,0,COREQ
PHYS,325,0,PREREQ
PHYS,325,0,COREQ
PHYS,326,0,PREREQ
PHYS,401,0,PREREQ
PHYS,401,0,COREQ
PHYS,402,0,PREREQ
PHYS,403,0,COREQ
PHYS,404,0,PREREQ
PHYS,406,0,PREREQ
PHYS,406,1,PREREQ
PHYS,419,0,PREREQ
PHYS,419,1,PREREQ
PHYS,420,0,PREREQ
PHYS,420,1,PREREQ
PHYS,427,0,PREREQ
PHYS,427,1,PREREQ
PHYS,427,2,PREREQ
PHYS,427,3,PREREQ
PHYS,435,0,PREREQ
PHYS,436,0,PREREQ
PHYS,460,0,PREREQ
PHYS,460,1,PREREQ
PHYS,470,0,PREREQ
PHYS,475,0,PREREQ
PHYS,475,1,PREREQ
PHYS,485,0,PREREQ
PHYS,486,0,PREREQ
PHYS,487,0,PREREQ
PHYS,499,0,PREREQ
PHYS,504,0,PREREQ
PHYS,504,1,PREREQ
PHYS,505,0,PREREQ
PHYS,508,0,PREREQ
PHYS,509,0,PREREQ
PHYS,510,0,PREREQ
PHYS,514,0,PREREQ
PHYS,514,1,PREREQ
PHYS,514,2,PREREQ
PHYS,515,0,PREREQ
PHYS,516,0,PREREQ
PHYS,540,0,PREREQ
PHYS,540,1,PREREQ
PHYS,541,0,PREREQ
PHYS,550,0,PREREQ
PHYS,550,1,PREREQ
PHYS,552,0,PREREQ
PHYS,552,1,PREREQ
PHYS,554,0,PREREQ
PHYS,560,0,PREREQ
PHYS,560,1,PREREQ
PHYS,561,0,PREREQ
PHYS,561,1,PREREQ
PHYS,563,0,PREREQ
PHYS,569,0,PREREQ
PHYS,569,1,PREREQ
PHYS,570,0,PREREQ
PHYS,575,0,PREREQ
PHYS,576,0,PREREQ
PHYS,580,0,PREREQ
PHYS,581,0,PREREQ
PHYS,582,0,PREREQ
PHYS,583,0,PREREQ
PLPA,200,0,PREREQ
PLPA,405,0,PREREQ
PLPA,407,0,PREREQ
POL,102,0,PREREQ
POL,201,0,PREREQ
POL,202,0,PREREQ
POL,301,0,PREREQ
POL,302,0,PREREQ
POL,402,0,PREREQ
PS,220,0,PREREQ
PS,230,0,PREREQ
PS,305,0,PREREQ
PS,306,0,PREREQ
PS,307,0,PREREQ
PS,314,0,PREREQ
PS,320,0,PREREQ
PS,328,0,PREREQ
PS,394,0,PREREQ
PS,394,1,PREREQ
PS,394,2,PREREQ
PS,397,0,PREREQ
PS,398,0,PREREQ
PS,399,0,PREREQ
PS,512,0,PREREQ
PS,522,0,PREREQ
PS,524,0,PREREQ
PS,526,0,PREREQ
PS,531,0,PREREQ
PS,532,0,PREREQ
PS,546,0,PREREQ
PS,581,0,PREREQ
PS,582,0,PREREQ
PS,583,0,PREREQ
PS,584,0,PREREQ
PS,585,0,PREREQ
PS,586,0,PREREQ
PS,587,0,PREREQ
PS,589,0,PREREQ
PSM,502,0,PREREQ
PSM,503,0,PREREQ
PSYC,201,0,PREREQ
PSYC,204,0,PREREQ
PSYC,210,0,PREREQ
PSYC,210,1,PREREQ
PSYC,216,0,PREREQ
PSYC,220,0,PREREQ
PSYC,220,1,PREREQ
PSYC,220,2,PREREQ
PSYC,224,0,PREREQ
PSYC,235,0,PREREQ
PSYC,238,0,PREREQ
PSYC,239,0,PREREQ
PSYC,245,0,PREREQ
PSYC,248,0,PREREQ
PSYC,250,0,PREREQ
PSYC,296,0,PREREQ
PSYC,302,0,PREREQ
PSYC,306,0,PREREQ
PSYC,308,0,PREREQ
PSYC,311,0,COREQ
PSYC,312,0,PREREQ
PSYC,318,0,PREREQ
PSYC,320,0,PREREQ
PSYC,320,1,PREREQ
PSYC,326,0,PREREQ
PSYC,327,0,PREREQ
PSYC,328,0,PREREQ
PSYC,331,0,PREREQ
PSYC,331,1,PREREQ
PSYC,332,0,PREREQ
PSYC,332,1,PREREQ
PSYC,333,0,PREREQ
PSYC,333,1,PREREQ
PSYC,340,0,PREREQ
PSYC,341,0,PREREQ
PSYC,350,0,PREREQ
PSYC,352,0,PREREQ
PSYC,353,0,PREREQ
PSYC,353,1,PREREQ
PSYC,361,0,PREREQ
PSYC,365,0,PREREQ
PSYC,379,0,PREREQ
PSYC,396,0,PREREQ
PSYC,402,0,PREREQ
PSYC,402,1,PREREQ
PSYC,408,0,PREREQ
PSYC,413,0,PREREQ
PSYC,413,1,PREREQ
PSYC,414,0,PREREQ
PSYC,414,1,PREREQ
PSYC,417,0,PREREQ
PSYC,433,0,PREREQ
PSYC,445,0,PREREQ
PSYC,450,0,PREREQ
PSYC,453,0,PREREQ
PSYC,453,1,PREREQ
PSYC,453,2,PREREQ
PSYC,453,3,PREREQ
PSYC,455,0,PREREQ
PSYC,462,0,PREREQ
PSYC,465,0,PREREQ
PSYC,498,0,PREREQ
PSYC,499,0,PREREQ
PSYC,507,0,PREREQ
PSYC,524,0,PREREQ
PSYC,526,0,PREREQ
PSYC,531,0,PREREQ
PSYC,534,0,PREREQ
PSYC,544,0,PREREQ
PSYC,546,0,COREQ
PSYC,563,0,PREREQ
PSYC,567,0,PREREQ
PSYC,588,0,PREREQ
PSYC,594,0,PREREQ
REHB,583,0,PREREQ
REHB,583,1,PREREQ
REHB,583,2,PREREQ
REHB,585,0,PREREQ
REHB,593,0,PREREQ
REHB,594,0,PREREQ
REL,223,0,PREREQ
REL,291,0,PREREQ
REL,436,0,PREREQ
REL,440,0,PREREQ
REL,484,0,PREREQ
RHET,102,0,PREREQ
RST,240,0,PREREQ
RST,240,1,PREREQ
RST,300,0,PREREQ
RST,317,0,PREREQ
RST,340,0,PREREQ
RST,340,1,PREREQ
RST,360,0,PREREQ
RST,410,0,PREREQ
RST,410,1,PREREQ
RST,410,2,PREREQ
RST,430,0,PREREQ
RST,430,1,PREREQ
RST,450,0,PREREQ
RST,460,0,PREREQ
RST,460,1,PREREQ
RST,460,2,PREREQ
RST,465,0,PREREQ
RST,501,0,PREREQ
RST,503,0,PREREQ
RST,503,1,PREREQ
RST,512,0,PREREQ
RST,519,0,PREREQ
RST,519,1,PREREQ
RST,519,2,PREREQ
RST,551,0,PREREQ
RUSS,102,0,PREREQ
RUSS,201,0,PREREQ
RUSS,202,0,PREREQ
RUSS,301,0,PREREQ
RUSS,302,0,PREREQ
RUSS,402,0,PREREQ
RUSS,474,0,PREREQ
RUSS,501,0,PREREQ
RUSS,502,0,PREREQ
SBC,509,0,PREREQ
SBC,509,1,PREREQ
SBC,510,0,PREREQ
SBC,512,0,PREREQ
SCAN,102,0,PREREQ
SCAN,103,0,PREREQ
SCAN,104,0,PREREQ
SCAN,306,0,PREREQ
SCAN,506,0,PREREQ
SE,310,0,PREREQ
SE,310,1,PREREQ
SE,310,2,PREREQ
SE,310,0,COREQ
SE,311,0,PREREQ
SE,312,0,PREREQ
SE,320,0,PREREQ
SE,320,1,PREREQ
SE,320,2,PREREQ
SE,320,0,COREQ
SE,400,0,PREREQ
SE,402,0,PREREQ
SE,402,1,PREREQ
SE,410,0,PREREQ
SE,410,1,PREREQ
SE,411,0,PREREQ
SE,412,0,PREREQ
SE,413,0,PREREQ
SE,413,1,PREREQ
SE,420,0,PREREQ
SE,422,0,PREREQ
SE,423,0,PREREQ
SE,424,0,PREREQ
SE,424,1,PREREQ
SE,450,0,PREREQ
SE,494,0,PREREQ
SE,494,1,PREREQ
SE,494,2,PREREQ
SE,494,3,PREREQ
SE,523,0,PREREQ
SE,523,1,PREREQ
SE,523,2,PREREQ
SE,523,3,PREREQ
SE,524,0,PREREQ
SE,524,1,PREREQ
SE,525,0,PREREQ
SE,530,0,PREREQ
SE,550,0,PREREQ
SHS,427,0,PREREQ
SHS,510,0,PREREQ
SHS,511,0,PREREQ
SHS,511,1,PREREQ
SHS,511,2,PREREQ
SHS,512,0,PREREQ
SHS,512,1,PREREQ
SHS,513,0,PREREQ
SHS,513,1,PREREQ
SHS,514,0,PREREQ
SHS,514,1,PREREQ
SHS,520,0,PREREQ
SHS,532,0,PREREQ
SHS,533,0,PREREQ
SHS,534,0,PREREQ
SHS,540,0,PREREQ
SHS,541,0,PREREQ
SHS,541,1,PREREQ
SHS,551,0,PREREQ
SHS,552,0,PREREQ
SHS,553,0,PREREQ
SHS,554,0,PREREQ
SHS,556,0,PREREQ
SHS,558,0,PREREQ
SHS,561,0,PREREQ
SHS,561,1,PREREQ
SHS,577,0,PREREQ
SHS,579,0,PREREQ
SLAV,419,0,PREREQ
SOC,225,0,PREREQ
SOC,225,1,PREREQ
SOC,225,2,PREREQ
SOC,273,0,PREREQ
SOC,275,0,PREREQ
SOC,310,0,PREREQ
SOC,364,0,PREREQ
SOC,373,0,PREREQ
SOC,396,0,PREREQ
SOC,426,0,PREREQ
SOC,447,0,PREREQ
SOC,450,0,PREREQ
SOC,480,0,PREREQ
SOC,481,0,PREREQ
SOC,485,0,PREREQ
SOC,488,0,PREREQ
SOC,496,0,PREREQ
SOC,500,0,PREREQ
SOC,501,0,PREREQ
SOC,581,0,PREREQ
SOC,586,0,PREREQ
SOC,587,0,PREREQ
SOC,599,0,PREREQ
SOCW,401,0,PREREQ
SOCW,402,0,PREREQ
SOCW,403,0,PREREQ
SOCW,404,0,PREREQ
SOCW,461,0,PREREQ
SOCW,470,0,PREREQ
SOCW,500,0,PREREQ
SOCW,501,0,PREREQ
SOCW,502,0,PREREQ
SOCW,503,0,PREREQ
SOCW,504,0,PREREQ
SOCW,505,0,PREREQ
SOCW,506,0,PREREQ
SOCW,507,0,PREREQ
SOCW,508,0,PREREQ
SOCW,509,0,PREREQ
SOCW,509,1,PREREQ
SOCW,514,0,PREREQ
SOCW,516,0,PREREQ
SOCW,519,0,PREREQ
SOCW,522,0,PREREQ
SOCW,541,0,PREREQ
SOCW,552,0,PREREQ
SOCW,576,0,PREREQ
SOCW,580,0,PREREQ
SOCW,594,0,PREREQ
SPAN,102,0,PREREQ
SPAN,204,0,PREREQ
SPAN,250,0,PREREQ
SPAN,252,0,PREREQ
SPAN,254,0,PREREQ
SPAN,295,0,PREREQ
SPAN,299,0,PREREQ
SPAN,299,1,PREREQ
SPAN,303,0,PREREQ
SPAN,305,0,PREREQ
SPAN,307,0,PREREQ
SPAN,308,0,PREREQ
SPAN,309,0,PREREQ
SPAN,310,0,PREREQ
SPAN,312,0,PREREQ
SPAN,316,0,PREREQ
SPAN,318,0,PREREQ
SPAN,320,0,PREREQ
SPAN,324,0,PREREQ
SPAN,326,0,PREREQ
SPAN,332,0,PREREQ
SPAN,399,0,PREREQ
SPAN,410,0,PREREQ
SPAN,410,1,PREREQ
SPAN,410,2,PREREQ
SPAN,430,0,PREREQ
SPAN,431,0,PREREQ
SPAN,432,0,PREREQ
SPAN,433,0,PREREQ
SPAN,437,0,PREREQ
SPAN,437,1,PREREQ
SPAN,462,0,PREREQ
SPAN,462,1,PREREQ
SPAN,463,0,PREREQ
SPAN,463,1,PREREQ
SPAN,464,0,PREREQ
SPAN,464,1,PREREQ
SPAN,465,0,PREREQ
SPAN,465,1,PREREQ
SPAN,466,0,PREREQ
SPAN,466,1,PREREQ
SPAN,467,0,PREREQ
SPAN,467,1,PREREQ
SPAN,468,0,PREREQ
SPAN,468,1,PREREQ
SPAN,477,0,PREREQ
SPAN,528,0,PREREQ
SPAN,557,0,PREREQ
SPAN,580,0,PREREQ
SPAN,584,0,PREREQ
SPAN,588,0,PREREQ
SPED,322,0,PREREQ
SPED,414,0,COREQ
SPED,436,0,COREQ
SPED,437,0,PREREQ
SPED,440,0,PREREQ
SPED,440,1,PREREQ
SPED,521,0,PREREQ
SPED,526,0,PREREQ
SPED,565,0,PREREQ
SPED,593,0,PREREQ
STAT,100,0,PREREQ
STAT,385,0,PREREQ
STAT,400,0,PREREQ
STAT,408,0,PREREQ
STAT,409,0,PREREQ
STAT,410,0,PREREQ
STAT,420,0,PREREQ
STAT,420,1,PREREQ
STAT,424,0,COREQ
STAT,424,1,COREQ
STAT,425,0,PREREQ
STAT,426,0,PREREQ
STAT,427,0,PREREQ
STAT,428,0,PREREQ
STAT,429,0,PREREQ
STAT,430,0,PREREQ
STAT,440,0,PREREQ
STAT,443,0,PREREQ
STAT,447,0,PREREQ
STAT,510,0,PREREQ
STAT,511,0,PREREQ
STAT,525,0,PREREQ
STAT,525,1,PREREQ
STAT,525,2,PREREQ
STAT,528,0,PREREQ
STAT,528,1,PREREQ
STAT,542,0,PREREQ
STAT,542,1,PREREQ
STAT,545,0,PREREQ
STAT,553,0,PREREQ
STAT,571,0,PREREQ
STAT,571,1,PREREQ
STAT,576,0,PREREQ
STAT,576,1,PREREQ
STAT,576,2,PREREQ
STAT,593,0,PREREQ
SWAH,202,0,PREREQ
SWAH,404,0,PREREQ
SWAH,405,0,PREREQ
SWAH,406,0,PREREQ
SWAH,407,0,PREREQ
SWAH,408,0,PREREQ
SWAH,409,0,PREREQ
SWAH,410,0,PREREQ
TAM,210,0,PREREQ
TAM,210,0,COREQ
TAM,211,0,PREREQ
TAM,211,0,COREQ
TAM,212,0,PREREQ
TAM,251,0,PREREQ
TAM,252,0,COREQ
TAM,335,0,PREREQ
TAM,412,0,PREREQ
TAM,412,1,PREREQ
TAM,412,2,PREREQ
TAM,416,0,PREREQ
TAM,424,0,PREREQ
TAM,427,0,PREREQ
TAM,435,0,PREREQ
TAM,445,0,PREREQ
TAM,451,0,PREREQ
TAM,456,0,PREREQ
TAM,461,0,PREREQ
TAM,470,0,PREREQ
TAM,470,1,PREREQ
TAM,470,2,PREREQ
TAM,470,3,PREREQ
TAM,514,0,PREREQ
TAM,514,1,PREREQ
TAM,514,2,PREREQ
TAM,518,0,PREREQ
TAM,518,1,PREREQ
TAM,524,0,PREREQ
TAM,524,1,PREREQ
TAM,531,0,PREREQ
TAM,531,1,PREREQ
TAM,531,2,PREREQ
TAM,531,3,PREREQ
TAM,532,0,PREREQ
TAM,532,1,PREREQ
TAM,534,0,PREREQ
TAM,534,1,PREREQ
TAM,534,2,PREREQ
TAM,534,3,PREREQ
TAM,536,0,PREREQ
TAM,537,0,PREREQ
TAM,538,0,PREREQ
TAM,541,0,PREREQ
TAM,541,1,PREREQ
TAM,541,2,PREREQ
TAM,541,3,PREREQ
TAM,542,0,PREREQ
TAM,545,0,PREREQ
TAM,545,1,PREREQ
TAM,549,0,PREREQ
TAM,549,1,PREREQ
TAM,551,0,PREREQ
TAM,551,1,PREREQ
TAM,551,2,PREREQ
TAM,552,0,PREREQ
TAM,554,0,PREREQ
TAM,555,0,PREREQ
TAM,555,1,PREREQ
TAM,555,2,PREREQ
TAM,557,0,PREREQ
TAM,557,1,PREREQ
TAM,570,0,PREREQ
TAM,570,1,PREREQ
TAM,574,0,PREREQ
TE,567,0,PREREQ
THEA,126,0,PREREQ
THEA,175,0,PREREQ
THEA,204,0,PREREQ
THEA,204,1,PREREQ
THEA,208,0,PREREQ
THEA,211,0,PREREQ
THEA,212,0,PREREQ
THEA,220,0,PREREQ
THEA,220,1,PREREQ
THEA,222,0,PREREQ
THEA,223,0,PREREQ
THEA,270,0,PREREQ
THEA,271,0,PREREQ
THEA,275,0,PREREQ
THEA,304,0,PREREQ
THEA,361,0,PREREQ
THEA,364,0,PREREQ
THEA,364,1,PREREQ
THEA,377,0,PREREQ
THEA,377,1,PREREQ
THEA,377,2,PREREQ
THEA,377,3,PREREQ
THEA,408,0,PREREQ
THEA,409,0,PREREQ
THEA,409,1,PREREQ
THEA,411,0,PREREQ
THEA,412,0,PREREQ
THEA,416,0,PREREQ
THEA,419,0,PREREQ
THEA,420,0,PREREQ
THEA,422,0,PREREQ
THEA,423,0,PREREQ
THEA,424,0,PREREQ
THEA,428,0,PREREQ
THEA,430,0,PREREQ
THEA,430,1,PREREQ
THEA,432,0,PREREQ
THEA,432,1,PREREQ
THEA,432,2,PREREQ
THEA,437,0,PREREQ
THEA,437,1,PREREQ
THEA,443,0,PREREQ
THEA,444,0,PREREQ
THEA,454,0,PREREQ
THEA,454,1,PREREQ
THEA,459,0,PREREQ
THEA,460,0,PREREQ
THEA,479,0,PREREQ
THEA,479,1,PREREQ
THEA,479,2,PREREQ
THEA,479,3,PREREQ
THEA,491,0,PREREQ
THEA,497,0,PREREQ
THEA,519,0,PREREQ
THEA,522,0,PREREQ
THEA,524,0,PREREQ
THEA,530,0,PREREQ
TRST,500,0,PREREQ
TRST,508,0,PREREQ
TSM,234,0,PREREQ
TSM,339,0,PREREQ
TSM,339,1,PREREQ
TSM,339,2,PREREQ
TSM,339,3,PREREQ
TSM,339,4,PREREQ
TSM,425,0,COREQ
TSM,439,0,PREREQ
TURK,202,0,PREREQ
TURK,403,0,PREREQ
TURK,404,0,PREREQ
TURK,405,0,PREREQ
TURK,406,0,PREREQ
UKR,201,0,PREREQ
UKR,202,0,PREREQ
UP,203,0,PREREQ
UP,204,0,PREREQ
UP,347,0,PREREQ
UP,347,1,PREREQ
UP,347,2,PREREQ
UP,347,3,PREREQ
UP,431,0,PREREQ
UP,455,0,PREREQ
UP,513,0,PREREQ
UP,519,0,PREREQ
UP,552,0,PREREQ
UP,552,1,PREREQ
UP,580,0,PREREQ
UP,585,0,PREREQ
UP,585,1,PREREQ
VCM,563,0,PREREQ
VCM,634,0,PREREQ
VCM,637,0,PREREQ
VCM,641,0,PREREQ
VCM,642,0,PREREQ
VCM,643,0,PREREQ
VCM,645,0,PREREQ
VCM,656,0,PREREQ
VCM,657,0,PREREQ
VCM,660,0,PREREQ
VCM,663,0,PREREQ
VCM,695,0,PREREQ
VM,612,0,PREREQ
VM,613,0,PREREQ
VM,614,0,PREREQ
VM,615,0,PREREQ
VM,616,0,PREREQ
WLOF,202,0,PREREQ
WLOF,403,0,PREREQ
WLOF,404,0,PREREQ
WLOF,405,0,PREREQ
WLOF,406,0,PREREQ
WLOF,407,0,PREREQ
YDSH,102,0,PREREQ
